shot,time_s,time_ms,ts_core_density,interf_core_density,log10_diff,reason
56339,0.36733999848365784,367.33999848365784,2.5484497756520574,0.2465817003252777,1.0143152360478758,Factor of 10.3 difference
56339,0.38433998823165894,384.33998823165894,2.5564063241431922,0.10630501042120294,1.3810761488618235,Factor of 24.0 difference
56933,1.300339937210083,1300.339937210083,3.6868723640528915,0.020628550970035405,2.252189380507975,Factor of 178.7 difference
56933,1.3173400163650513,1317.3400163650513,2.766352071141891,0.267537512341386,1.0145227670312107,Factor of 10.3 difference
56933,1.33433997631073,1334.33997631073,3.342721014916274,0.16674596861792748,1.3020447888117737,Factor of 20.0 difference
56933,1.3503400087356567,1350.3400087356567,2.979713722442749,-0.08651241985975255,0.0,Non-positive value (TS <= 0 or Interf <= 0)
56933,1.3673399686813354,1367.3399686813354,1.6230767304399463,-0.1185102010928595,0.0,Non-positive value (TS <= 0 or Interf <= 0)
56933,1.400339961051941,1400.339961051941,2.891882556342157,-0.007441582314120806,0.0,Non-positive value (TS <= 0 or Interf <= 0)
56933,1.4673399925231934,1467.3399925231934,3.7983208321393223,0.3422117241510953,1.0452967610704713,Factor of 11.1 difference
56933,1.484339952468872,1484.339952468872,3.4379805077697134,0.18242501817390858,1.2752190118588236,Factor of 18.8 difference
56933,1.5343400239944458,1534.3400239944458,3.5195431243897386,0.20681101784687575,1.2309126188560002,Factor of 17.0 difference
56933,1.550339937210083,1550.339937210083,3.1383887126321923,-0.22066026015191204,0.0,Non-positive value (TS <= 0 or Interf <= 0)
65564,1.2673399448394775,1267.3399448394775,9.236190285206778,-0.628263143134462,0.0,Non-positive value (TS <= 0 or Interf <= 0)
65564,1.2843400239944458,1284.3400239944458,7.800060093947195,-2.401811902523192,0.0,Non-positive value (TS <= 0 or Interf <= 0)
65564,1.300339937210083,1300.339937210083,8.306267127608674,-2.282823853676901,0.0,Non-positive value (TS <= 0 or Interf <= 0)
65564,1.3173400163650513,1317.3400163650513,9.437867306410352,-2.0017658117754977,0.0,Non-positive value (TS <= 0 or Interf <= 0)
65564,1.33433997631073,1334.33997631073,7.850429388059972,-1.2972650612477918,0.0,Non-positive value (TS <= 0 or Interf <= 0)
65564,1.3503400087356567,1350.3400087356567,9.092339123680642,-5.2515613237651175,0.0,Non-positive value (TS <= 0 or Interf <= 0)
65564,1.3673399686813354,1367.3399686813354,10.001425504861016,-5.033938505716623,0.0,Non-positive value (TS <= 0 or Interf <= 0)
65564,1.3843400478363037,1384.3400478363037,8.691060372703774,-5.105549258229023,0.0,Non-positive value (TS <= 0 or Interf <= 0)
65564,1.400339961051941,1400.339961051941,9.240322946635567,-4.699561626547153,0.0,Non-positive value (TS <= 0 or Interf <= 0)
65564,1.4173400402069092,1417.3400402069092,9.463369219917002,-4.990515712903191,0.0,Non-positive value (TS <= 0 or Interf <= 0)
65564,1.434340000152588,1434.340000152588,8.300544866253478,-4.837124165126115,0.0,Non-positive value (TS <= 0 or Interf <= 0)
65564,1.4503400325775146,1450.3400325775146,7.645634003243651,-4.601625487033237,0.0,Non-positive value (TS <= 0 or Interf <= 0)
65564,1.4673399925231934,1467.3399925231934,7.780680333656398,-4.575506808217744,0.0,Non-positive value (TS <= 0 or Interf <= 0)
65564,1.484339952468872,1484.339952468872,5.90718326811806,-4.58987874460673,0.0,Non-positive value (TS <= 0 or Interf <= 0)
65564,1.5003399848937988,1500.3399848937988,6.801506671947399,-4.4884105339397475,0.0,Non-positive value (TS <= 0 or Interf <= 0)
65564,1.5173399448394775,1517.3399448394775,7.658432692451133,-4.819254902151499,0.0,Non-positive value (TS <= 0 or Interf <= 0)
65564,1.5343400239944458,1534.3400239944458,6.556947826823424,-4.915565963479561,0.0,Non-positive value (TS <= 0 or Interf <= 0)
65564,1.550339937210083,1550.339937210083,6.836857671011792,-4.956537724972355,0.0,Non-positive value (TS <= 0 or Interf <= 0)
65564,1.5673400163650513,1567.3400163650513,7.513206809448717,-4.72565831513009,0.0,Non-positive value (TS <= 0 or Interf <= 0)
65564,1.58433997631073,1584.33997631073,6.351439158925384,-4.895130440365716,0.0,Non-positive value (TS <= 0 or Interf <= 0)
65564,1.6003400087356567,1600.3400087356567,6.948585776209948,-4.5054155807749305,0.0,Non-positive value (TS <= 0 or Interf <= 0)
65564,1.6173399686813354,1617.3399686813354,8.513885826002113,-4.622377229691231,0.0,Non-positive value (TS <= 0 or Interf <= 0)
65564,1.6343400478363037,1634.3400478363037,6.362502480915845,-4.478275675559559,0.0,Non-positive value (TS <= 0 or Interf <= 0)
65564,1.650339961051941,1650.339961051941,6.986445176013229,-4.44889496564678,0.0,Non-positive value (TS <= 0 or Interf <= 0)
65564,1.6673400402069092,1667.3400402069092,8.517250071845059,-3.9570332768123486,0.0,Non-positive value (TS <= 0 or Interf <= 0)
65564,1.684340000152588,1684.340000152588,6.776017465937108,-4.402366272387207,0.0,Non-positive value (TS <= 0 or Interf <= 0)
65564,1.7003400325775146,1700.3400325775146,7.309112659688289,-4.128244829443116,0.0,Non-positive value (TS <= 0 or Interf <= 0)
65564,1.7173399925231934,1717.3399925231934,9.159874329594091,-3.8092804644671587,0.0,Non-positive value (TS <= 0 or Interf <= 0)
65564,1.734339952468872,1734.339952468872,6.83420259692326,-4.063605860260118,0.0,Non-positive value (TS <= 0 or Interf <= 0)
65564,1.7503399848937988,1750.3399848937988,7.712115718445217,-3.910859945710872,0.0,Non-positive value (TS <= 0 or Interf <= 0)
79351,0.017340000718832016,17.340000718832016,1.3024430692385514,-66.83715505049399,0.0,Non-positive value (TS <= 0 or Interf <= 0)
79351,0.05079000070691109,50.79000070691109,1.5920401044419799,-62.245284870427035,0.0,Non-positive value (TS <= 0 or Interf <= 0)
79351,0.06734000146389008,67.34000146389008,2.1732589413644816,-62.65794829690811,0.0,Non-positive value (TS <= 0 or Interf <= 0)
79351,0.08433999866247177,84.33999866247177,2.9480477416029434,-47.80531246113321,0.0,Non-positive value (TS <= 0 or Interf <= 0)
79351,0.10079000145196915,100.79000145196915,4.075522062305132,-40.68480830934887,0.0,Non-positive value (TS <= 0 or Interf <= 0)
79351,0.11733999848365784,117.33999848365784,4.622296057561826,-28.05800446143905,0.0,Non-positive value (TS <= 0 or Interf <= 0)
79351,0.13434000313282013,134.34000313282013,5.7273945373304445,-38.42272762213926,0.0,Non-positive value (TS <= 0 or Interf <= 0)
79351,0.1507900059223175,150.7900059223175,6.245173458659339,-25.675851826820494,0.0,Non-positive value (TS <= 0 or Interf <= 0)
79351,0.1673399955034256,167.3399955034256,6.276794084265283,-31.211328163500628,0.0,Non-positive value (TS <= 0 or Interf <= 0)
79351,0.1843400001525879,184.3400001525879,7.176727920310402,-29.182474123556265,0.0,Non-positive value (TS <= 0 or Interf <= 0)
79351,0.20079000294208527,200.79000294208527,7.27387250797723,-38.56277549680165,0.0,Non-positive value (TS <= 0 or Interf <= 0)
79351,0.21733999252319336,217.33999252319336,7.023500324622273,-25.623949600333653,0.0,Non-positive value (TS <= 0 or Interf <= 0)
79351,0.23433999717235565,234.33999717235565,7.340836084410839,-19.208568412707173,0.0,Non-positive value (TS <= 0 or Interf <= 0)
79351,0.250789999961853,250.78999996185303,7.899520190933084,-24.422508846616306,0.0,Non-positive value (TS <= 0 or Interf <= 0)
79351,0.2673400044441223,267.3400044441223,7.204967556447709,-31.94380697695756,0.0,Non-positive value (TS <= 0 or Interf <= 0)
79351,0.2843399941921234,284.3399941921234,5.883292335906076,-23.691720642238245,0.0,Non-positive value (TS <= 0 or Interf <= 0)
79351,0.300790011882782,300.790011882782,7.683921981280463,-43.97879737180299,0.0,Non-positive value (TS <= 0 or Interf <= 0)
79351,0.3173399865627289,317.3399865627289,7.920995841543654,-49.30895530515875,0.0,Non-positive value (TS <= 0 or Interf <= 0)
79351,0.33434000611305237,334.34000611305237,8.343323910118947,-44.650199633750915,0.0,Non-positive value (TS <= 0 or Interf <= 0)
79351,0.35078999400138855,350.78999400138855,8.912952218630826,-56.44646406397362,0.0,Non-positive value (TS <= 0 or Interf <= 0)
79351,0.36733999848365784,367.33999848365784,8.59935936577985,-59.458823338479895,0.0,Non-positive value (TS <= 0 or Interf <= 0)
79351,0.38433998823165894,384.33998823165894,9.797603640446008,-55.80311782032933,0.0,Non-positive value (TS <= 0 or Interf <= 0)
79351,0.4007900059223175,400.7900059223175,9.151674973398418,-56.31707705405415,0.0,Non-positive value (TS <= 0 or Interf <= 0)
79351,0.4173400104045868,417.3400104045868,8.305574972743074,-68.77176774979843,0.0,Non-positive value (TS <= 0 or Interf <= 0)
79351,0.4343400001525879,434.3400001525879,8.456789612329226,-79.07688330652434,0.0,Non-positive value (TS <= 0 or Interf <= 0)
79351,0.4507899880409241,450.7899880409241,7.151669095833462,-77.26281226599625,0.0,Non-positive value (TS <= 0 or Interf <= 0)
79351,0.46733999252319336,467.33999252319336,6.53159741225783,-83.94184754587039,0.0,Non-positive value (TS <= 0 or Interf <= 0)
79351,0.48434001207351685,484.34001207351685,6.983831894682509,-75.16414187651601,0.0,Non-positive value (TS <= 0 or Interf <= 0)
79351,0.500789999961853,500.789999961853,6.538666300538982,-75.65202949052302,0.0,Non-positive value (TS <= 0 or Interf <= 0)
79351,0.5173400044441223,517.3400044441223,6.081841788485684,-77.12816871088671,0.0,Non-positive value (TS <= 0 or Interf <= 0)
79351,0.5343400239944458,534.3400239944458,6.040536972758883,-80.40885808069125,0.0,Non-positive value (TS <= 0 or Interf <= 0)
79351,0.550790011882782,550.790011882782,6.525257366670717,-77.76095260602993,0.0,Non-positive value (TS <= 0 or Interf <= 0)
79351,0.5673400163650513,567.3400163650513,6.222772320388035,-78.17974515012888,0.0,Non-positive value (TS <= 0 or Interf <= 0)
79351,0.58433997631073,584.33997631073,6.465648235442607,-65.80654146014234,0.0,Non-positive value (TS <= 0 or Interf <= 0)
79351,0.6007900238037109,600.7900238037109,6.741420423806328,-74.84573738286092,0.0,Non-positive value (TS <= 0 or Interf <= 0)
79351,0.6173399686813354,617.3399686813354,6.613503862145397,-70.70843521643283,0.0,Non-positive value (TS <= 0 or Interf <= 0)
79351,0.6343399882316589,634.3399882316589,6.954504837158698,-81.73804625258873,0.0,Non-positive value (TS <= 0 or Interf <= 0)
79351,0.6507899761199951,650.7899761199951,7.241865035758947,-81.97108642268189,0.0,Non-positive value (TS <= 0 or Interf <= 0)
79351,0.6673399806022644,667.3399806022644,7.216576189650887,-67.99094912752865,0.0,Non-positive value (TS <= 0 or Interf <= 0)
79351,0.6843400001525879,684.3400001525879,7.242765885868366,-75.93180858049898,0.0,Non-positive value (TS <= 0 or Interf <= 0)
79351,0.7007899880409241,700.7899880409241,7.533068864128674,-65.82221961634512,0.0,Non-positive value (TS <= 0 or Interf <= 0)
79351,0.7173399925231934,717.3399925231934,7.566941037183591,-68.4070113643535,0.0,Non-positive value (TS <= 0 or Interf <= 0)
79351,0.7343400120735168,734.3400120735168,7.838169384613901,-86.48652207282308,0.0,Non-positive value (TS <= 0 or Interf <= 0)
79351,0.750789999961853,750.789999961853,8.151957626727562,-83.40653139828765,0.0,Non-positive value (TS <= 0 or Interf <= 0)
79351,0.7673400044441223,767.3400044441223,8.299558040045685,-76.2504593647587,0.0,Non-positive value (TS <= 0 or Interf <= 0)
79351,0.7843400239944458,784.3400239944458,8.541712950827028,-83.08165298016822,0.0,Non-positive value (TS <= 0 or Interf <= 0)
79351,0.800790011882782,800.790011882782,8.71501417759446,-83.03214153176481,0.0,Non-positive value (TS <= 0 or Interf <= 0)
79351,0.8173400163650513,817.3400163650513,8.028361406438458,-82.69639817954433,0.0,Non-positive value (TS <= 0 or Interf <= 0)
79351,0.83433997631073,834.33997631073,7.5111720376158955,-83.63912120841808,0.0,Non-positive value (TS <= 0 or Interf <= 0)
79351,0.8507900238037109,850.7900238037109,7.881985156936609,-83.2261340857138,0.0,Non-positive value (TS <= 0 or Interf <= 0)
79351,0.8673399686813354,867.3399686813354,6.983508209701692,-83.69329810456047,0.0,Non-positive value (TS <= 0 or Interf <= 0)
79351,0.8843399882316589,884.3399882316589,6.9677348123498195,-83.44700749993864,0.0,Non-positive value (TS <= 0 or Interf <= 0)
79351,0.9007899761199951,900.7899761199951,7.235926002324462,-83.61430215234662,0.0,Non-positive value (TS <= 0 or Interf <= 0)
79351,0.9173399806022644,917.3399806022644,6.221432058380387,-83.82102441211734,0.0,Non-positive value (TS <= 0 or Interf <= 0)
79351,0.9343400001525879,934.3400001525879,6.749461748993284,-83.87190805103221,0.0,Non-positive value (TS <= 0 or Interf <= 0)
79351,0.9507899880409241,950.7899880409241,6.76284908026829,-83.74197920178257,0.0,Non-positive value (TS <= 0 or Interf <= 0)
79351,0.9673399925231934,967.3399925231934,6.472994046002147,-83.7722518355278,0.0,Non-positive value (TS <= 0 or Interf <= 0)
79351,0.9843400120735168,984.3400120735168,6.6350780554607045,-83.98092330951225,0.0,Non-positive value (TS <= 0 or Interf <= 0)
79351,1.000789999961853,1000.789999961853,6.725653608349729,-84.15432596891485,0.0,Non-positive value (TS <= 0 or Interf <= 0)
79351,1.0173399448394775,1017.3399448394775,5.984805457184977,-84.35451800922588,0.0,Non-positive value (TS <= 0 or Interf <= 0)
79351,1.0343400239944458,1034.3400239944458,6.72562739728031,-84.37017505480542,0.0,Non-positive value (TS <= 0 or Interf <= 0)
79351,1.0507899522781372,1050.7899522781372,6.177131719115659,-84.173951811666,0.0,Non-positive value (TS <= 0 or Interf <= 0)
79351,1.0673400163650513,1067.3400163650513,6.186701628267439,-84.1720870399453,0.0,Non-positive value (TS <= 0 or Interf <= 0)
79351,1.08433997631073,1084.33997631073,5.618133861065169,-84.27827347490938,0.0,Non-positive value (TS <= 0 or Interf <= 0)
79351,1.100790023803711,1100.790023803711,6.289325465193335,-84.11417356348707,0.0,Non-positive value (TS <= 0 or Interf <= 0)
79351,1.1173399686813354,1117.3399686813354,6.032544131707216,-84.2921431543868,0.0,Non-positive value (TS <= 0 or Interf <= 0)
79351,1.1343400478363037,1134.3400478363037,6.401904986264871,-84.04654920033234,0.0,Non-positive value (TS <= 0 or Interf <= 0)
79351,1.1507899761199951,1150.7899761199951,6.243997751383691,-84.21775635491659,0.0,Non-positive value (TS <= 0 or Interf <= 0)
79351,1.1673400402069092,1167.3400402069092,6.281680352493057,-84.05500048650808,0.0,Non-positive value (TS <= 0 or Interf <= 0)
79351,1.184340000152588,1184.340000152588,6.607403770705482,-84.1500264386456,0.0,Non-positive value (TS <= 0 or Interf <= 0)
79351,1.2007900476455688,1200.7900476455688,6.485456941915249,-84.39250305733299,0.0,Non-positive value (TS <= 0 or Interf <= 0)
79351,1.2173399925231934,1217.3399925231934,6.193031363345555,-84.40248838213179,0.0,Non-positive value (TS <= 0 or Interf <= 0)
79351,1.234339952468872,1234.339952468872,6.60833267055575,-84.93636900733331,0.0,Non-positive value (TS <= 0 or Interf <= 0)
79351,1.250789999961853,1250.789999961853,6.226943552927552,-87.38356874985111,0.0,Non-positive value (TS <= 0 or Interf <= 0)
79351,1.2673399448394775,1267.3399448394775,6.612853573968974,-94.47614002863412,0.0,Non-positive value (TS <= 0 or Interf <= 0)
79351,1.2843400239944458,1284.3400239944458,7.423810400989455,-94.83338103220088,0.0,Non-positive value (TS <= 0 or Interf <= 0)
79351,1.3007899522781372,1300.7899522781372,8.354568986228703,-95.32078310187305,0.0,Non-positive value (TS <= 0 or Interf <= 0)
79351,1.3173400163650513,1317.3400163650513,8.25945468631551,-95.25630422158305,0.0,Non-positive value (TS <= 0 or Interf <= 0)
79351,1.33433997631073,1334.33997631073,8.63143481484665,-94.73557551466834,0.0,Non-positive value (TS <= 0 or Interf <= 0)
79351,1.350790023803711,1350.790023803711,9.77648185127553,-94.38409067437532,0.0,Non-positive value (TS <= 0 or Interf <= 0)
79351,1.3673399686813354,1367.3399686813354,8.717620080613687,-93.01382122962693,0.0,Non-positive value (TS <= 0 or Interf <= 0)
79351,1.3843400478363037,1384.3400478363037,8.634120735024785,-93.80489257792338,0.0,Non-positive value (TS <= 0 or Interf <= 0)
79351,1.4007899761199951,1400.7899761199951,8.830784853736755,-92.19585494730576,0.0,Non-positive value (TS <= 0 or Interf <= 0)
79351,1.4173400402069092,1417.3400402069092,8.261484357633822,-91.55281128926143,0.0,Non-positive value (TS <= 0 or Interf <= 0)
79351,1.434340000152588,1434.340000152588,7.241712314305143,-90.49658347602912,0.0,Non-positive value (TS <= 0 or Interf <= 0)
79351,1.4507900476455688,1450.7900476455688,8.610058393152835,-89.20983469374518,0.0,Non-positive value (TS <= 0 or Interf <= 0)
79351,1.4673399925231934,1467.3399925231934,8.164242506476048,-87.97222440552052,0.0,Non-positive value (TS <= 0 or Interf <= 0)
79351,1.484339952468872,1484.339952468872,7.27821937701422,-89.50492602245421,0.0,Non-positive value (TS <= 0 or Interf <= 0)
79351,1.500789999961853,1500.789999961853,8.712636243266708,-91.28522710265145,0.0,Non-positive value (TS <= 0 or Interf <= 0)
79351,1.5173399448394775,1517.3399448394775,8.68167163186693,-92.36877206237354,0.0,Non-positive value (TS <= 0 or Interf <= 0)
79351,1.5343400239944458,1534.3400239944458,8.168465930069203,-95.89288802891187,0.0,Non-positive value (TS <= 0 or Interf <= 0)
79351,1.5507899522781372,1550.7899522781372,9.685763401893304,-101.97222679715512,0.0,Non-positive value (TS <= 0 or Interf <= 0)
79351,1.5673400163650513,1567.3400163650513,10.072518687044042,-108.87732166770002,0.0,Non-positive value (TS <= 0 or Interf <= 0)
79351,1.58433997631073,1584.33997631073,11.13878952230478,-120.51176613381176,0.0,Non-positive value (TS <= 0 or Interf <= 0)
79351,1.600790023803711,1600.790023803711,11.97792453942185,-131.4232421222422,0.0,Non-positive value (TS <= 0 or Interf <= 0)
79351,1.6173399686813354,1617.3399686813354,13.90295322815082,-161.19416079523532,0.0,Non-positive value (TS <= 0 or Interf <= 0)
57556,0.10034000128507614,100.34000128507614,1.9311905139464438,-0.4361025954596782,0.0,Non-positive value (TS <= 0 or Interf <= 0)
57556,0.13434000313282013,134.34000313282013,3.6859795810121976,-0.15207062199525703,0.0,Non-positive value (TS <= 0 or Interf <= 0)
57556,0.1843400001525879,184.3400001525879,5.607923393756667,-0.22825259410013551,0.0,Non-positive value (TS <= 0 or Interf <= 0)
57556,0.20034000277519226,200.34000277519226,5.770736873638862,0.21186079987534398,1.4351806647615375,Factor of 27.2 difference
57556,0.21733999252319336,217.33999252319336,5.55396437245937,0.3499594603240096,1.2005853513838596,Factor of 15.9 difference
57556,0.23433999717235565,234.33999717235565,6.817270282794827,0.5549769548036572,1.0893355631240547,Factor of 12.3 difference
57556,0.2673400044441223,267.3400044441223,6.493822923464904,-0.02134157567071355,0.0,Non-positive value (TS <= 0 or Interf <= 0)
57556,0.2843399941921234,284.3399941921234,6.247599288146291,-0.05551565806438973,0.0,Non-positive value (TS <= 0 or Interf <= 0)
57556,0.3003399968147278,300.3399968147278,6.118138701653639,-0.22786915316384398,0.0,Non-positive value (TS <= 0 or Interf <= 0)
57556,0.3173399865627289,317.3399865627289,6.806364104145685,-2.7868602148633705,0.0,Non-positive value (TS <= 0 or Interf <= 0)
57556,0.33434000611305237,334.34000611305237,4.870504737732396,-3.796239816757084,0.0,Non-positive value (TS <= 0 or Interf <= 0)
57556,0.35034000873565674,350.34000873565674,3.6835080961218343,-2.3894718636223367,0.0,Non-positive value (TS <= 0 or Interf <= 0)
57556,0.36733999848365784,367.33999848365784,4.057823611529964,-1.9592833213061398,0.0,Non-positive value (TS <= 0 or Interf <= 0)
57556,0.38433998823165894,384.33998823165894,4.349407823042417,-1.8611121062062064,0.0,Non-positive value (TS <= 0 or Interf <= 0)
57556,0.4003399908542633,400.3399908542633,4.287617042292081,0.3089982266550518,1.142260001464066,Factor of 13.9 difference
57556,0.4343400001525879,434.3400001525879,4.745964703729224,-3.270881506182457,0.0,Non-positive value (TS <= 0 or Interf <= 0)
57556,0.45034000277519226,450.34000277519226,5.157466687028099,-5.800138900992793,0.0,Non-positive value (TS <= 0 or Interf <= 0)
57556,0.46733999252319336,467.33999252319336,5.064337964403901,-4.033279130542801,0.0,Non-positive value (TS <= 0 or Interf <= 0)
57556,0.48434001207351685,484.34001207351685,4.496299823072141,-2.846361386112097,0.0,Non-positive value (TS <= 0 or Interf <= 0)
57556,0.5003399848937988,500.3399848937988,4.244487157974111,-0.3124584996988256,0.0,Non-positive value (TS <= 0 or Interf <= 0)
57556,0.5173400044441223,517.3400044441223,4.557950495572704,-0.10038869640693678,0.0,Non-positive value (TS <= 0 or Interf <= 0)
57556,0.5343400239944458,534.3400239944458,4.804845963531197,-2.725941553224116,0.0,Non-positive value (TS <= 0 or Interf <= 0)
57556,0.5503399968147278,550.3399968147278,4.268200411455246,-2.474147892905273,0.0,Non-positive value (TS <= 0 or Interf <= 0)
57556,0.5673400163650513,567.3400163650513,4.312964046688385,-1.672739376089111,0.0,Non-positive value (TS <= 0 or Interf <= 0)
57556,0.58433997631073,584.33997631073,5.255093136620217,-1.4782186167541431,0.0,Non-positive value (TS <= 0 or Interf <= 0)
56187,0.1503400057554245,150.3400057554245,32.30178204586064,3.100044887016761,1.0178585001992557,Factor of 10.4 difference
56187,0.2843399941921234,284.3399941921234,37.48117125353069,2.655210849818588,1.1497141397131674,Factor of 14.1 difference
56187,0.3003399968147278,300.3399968147278,131.43832494533106,2.649058202651879,1.6956305154800706,Factor of 49.6 difference
56187,0.38433998823165894,384.33998823165894,29.714153449359202,2.4684343906826975,1.0805417733471718,Factor of 12.0 difference
56187,0.4343400001525879,434.3400001525879,34.862028264916916,2.2068168138720017,1.1985863664492462,Factor of 15.8 difference
56187,0.6003400087356567,600.3400087356567,119.93093171318056,2.1049993983120374,1.7556792315841783,Factor of 57.0 difference
56187,0.6343399882316589,634.3399882316589,33.0436762271756,2.0964603711084036,1.1976017006988977,Factor of 15.8 difference
56187,0.7003399729728699,700.3399729728699,142.049714292774,1.8870042856263778,1.8766674780513095,Factor of 75.3 difference
56187,0.83433997631073,834.33997631073,27.779807788597772,2.2192454734100564,1.0975238937591756,Factor of 12.5 difference
56187,0.9343400001525879,934.3400001525879,33.94935547523649,2.458027073321147,1.1402448716578708,Factor of 13.8 difference
56187,0.9843400120735168,984.3400120735168,35.09117085412154,2.374043736363709,1.1697091435713225,Factor of 14.8 difference
56187,1.08433997631073,1084.33997631073,36.18360050022455,2.465205784738896,1.1666586016039007,Factor of 14.7 difference
56187,1.1003400087356567,1100.3400087356567,105.75310139797865,2.510360528268401,1.6245570150389375,Factor of 42.1 difference
56187,1.1343400478363037,1134.3400478363037,36.79339788501621,2.5461170862083278,1.1598915256296423,Factor of 14.5 difference
56187,1.234339952468872,1234.339952468872,38.1459638328513,2.561371050825115,1.1729760959505766,Factor of 14.9 difference
56187,1.3843400478363037,1384.3400478363037,32.681735263244846,2.5228149163785454,1.112419717554872,Factor of 13.0 difference
56187,1.484339952468872,1484.339952468872,30.15941629991121,2.4484490076292644,1.0905318683601464,Factor of 12.3 difference
56187,1.5343400239944458,1534.3400239944458,31.87874941867546,2.502954217943702,1.10504837007548,Factor of 12.7 difference
56187,1.58433997631073,1584.33997631073,34.458926631355624,2.449567430857038,1.148212346321546,Factor of 14.1 difference
56187,1.7843400239944458,1784.3400239944458,25.498525523523792,2.423586630799668,1.0220565195308624,Factor of 10.5 difference
58056,0.05034000054001808,50.34000054001808,2696.9023937807924,2.4576490612235173,3.040345360650095,Factor of 1097.4 difference
58056,0.13434000313282013,134.34000313282013,10437.099985772935,4.01778833112139,3.4145927908526197,Factor of 2597.7 difference
58056,0.1673399955034256,167.3399955034256,7103.250323858875,4.6092921617113936,3.1878228828888773,Factor of 1541.1 difference
58056,0.8503400087356567,850.3400087356567,15838.923804522628,7.480905591573971,3.3257714955579134,Factor of 2117.2 difference
58056,0.8843399882316589,884.3399882316589,17437.40662617163,7.493652009972452,3.366788373594143,Factor of 2327.0 difference
58056,0.9503399729728699,950.3399729728699,5128.28981174292,7.623487620636056,2.82781886080115,Factor of 672.7 difference
58056,1.0503400564193726,1050.3400564193726,8434.151044330698,7.910710844136725,3.027825864104205,Factor of 1066.2 difference
58056,1.484339952468872,1484.339952468872,20053.79503718275,9.348765620542164,3.331442299975901,Factor of 2145.1 difference
76799,0.017340000718832016,17.340000718832016,1.380105232783528,-109.14138038022669,0.0,Non-positive value (TS <= 0 or Interf <= 0)
76799,0.06734000146389008,67.34000146389008,1.3442409515416534,-105.38806637702729,0.0,Non-positive value (TS <= 0 or Interf <= 0)
76799,0.08433999866247177,84.33999866247177,1.473064471020452,-57.05643441225445,0.0,Non-positive value (TS <= 0 or Interf <= 0)
76799,0.10034000128507614,100.34000128507614,1.712841752285283,-70.40243673237626,0.0,Non-positive value (TS <= 0 or Interf <= 0)
76799,0.11733999848365784,117.33999848365784,1.8513802208410812,-69.01860019375042,0.0,Non-positive value (TS <= 0 or Interf <= 0)
76799,0.13434000313282013,134.34000313282013,2.1035687034878454,-54.02463577216909,0.0,Non-positive value (TS <= 0 or Interf <= 0)
76799,0.1503400057554245,150.3400057554245,2.3215688789377698,-57.49825160944833,0.0,Non-positive value (TS <= 0 or Interf <= 0)
76799,0.1673399955034256,167.3399955034256,2.455104213445131,-38.333500054521984,0.0,Non-positive value (TS <= 0 or Interf <= 0)
76799,0.1843400001525879,184.3400001525879,2.4095917869774537,-47.776651271629646,0.0,Non-positive value (TS <= 0 or Interf <= 0)
76799,0.20034000277519226,200.34000277519226,2.661127433736298,-38.40528672889483,0.0,Non-positive value (TS <= 0 or Interf <= 0)
76799,0.21733999252319336,217.33999252319336,3.048217669997727,-53.222020431390284,0.0,Non-positive value (TS <= 0 or Interf <= 0)
76799,0.23433999717235565,234.33999717235565,3.276899802127738,-39.33420692859813,0.0,Non-positive value (TS <= 0 or Interf <= 0)
76799,0.25033998489379883,250.33998489379883,3.755878510157061,-39.12160536025136,0.0,Non-positive value (TS <= 0 or Interf <= 0)
76799,0.2673400044441223,267.3400044441223,4.463038214767506,-15.098069700936362,0.0,Non-positive value (TS <= 0 or Interf <= 0)
76799,0.4343400001525879,434.3400001525879,4.1553573742300385,45.19108546743532,1.0364443925319915,Factor of 10.9 difference
76799,0.45034000277519226,450.34000277519226,3.2361866247873956,57.442375308134054,1.249198831573536,Factor of 17.8 difference
76799,0.46733999252319336,467.33999252319336,3.4168347671258674,52.662845761094104,1.1878803460375436,Factor of 15.4 difference
76799,0.48434001207351685,484.34001207351685,2.981116800200617,80.48453966505433,1.431333472399798,Factor of 27.0 difference
76799,0.5003399848937988,500.3399848937988,3.1083482268680354,94.55817591059645,1.483169419119923,Factor of 30.4 difference
76799,0.5173400044441223,517.3400044441223,3.178444662506215,118.56207341263006,1.5717311309803776,Factor of 37.3 difference
76799,0.5343400239944458,534.3400239944458,3.040145748382256,136.9102308757467,1.6535414980950962,Factor of 45.0 difference
76799,0.5503399968147278,550.3399968147278,3.1755727139907095,156.174378281824,1.6917877241019859,Factor of 49.2 difference
76799,0.5673400163650513,567.3400163650513,3.3892774820982314,167.8047695082711,1.694697174370697,Factor of 49.5 difference
76799,0.58433997631073,584.33997631073,3.1876991528338117,174.32644620241516,1.737885949756087,Factor of 54.7 difference
76799,0.6003400087356567,600.3400087356567,2.7732574251713813,190.3093412887345,1.836469921600784,Factor of 68.6 difference
76799,0.6173399686813354,617.3399686813354,3.1308280500863375,208.04558622623102,1.8224992903404162,Factor of 66.5 difference
76799,0.6343399882316589,634.3399882316589,3.1636629334518256,228.8882593754505,1.859433310290083,Factor of 72.3 difference
76799,0.6503400206565857,650.3400206565857,3.372856582995193,236.46268062999007,1.845764733627194,Factor of 70.1 difference
76799,0.6673399806022644,667.3399806022644,3.4630592445201813,241.96546012968807,1.8442934547870693,Factor of 69.9 difference
76799,0.6843400001525879,684.3400001525879,3.629283517600845,239.50337036090227,1.8194907329434122,Factor of 66.0 difference
76799,0.7003399729728699,700.3399729728699,3.4732953669283697,239.9917857404906,1.8394546602388364,Factor of 69.1 difference
76799,0.7173399925231934,717.3399925231934,3.9974037116260637,248.66380459296457,1.7938345627569854,Factor of 62.2 difference
76799,0.7343400120735168,734.3400120735168,3.782317665017426,257.67041275025446,1.8333065520631364,Factor of 68.1 difference
76799,0.7503399848937988,750.3399848937988,3.8563376083071175,266.61686970502126,1.8397125773581788,Factor of 69.1 difference
76799,0.7673400044441223,767.3400044441223,4.045949084118246,277.82314851030964,1.8367480156424554,Factor of 68.7 difference
76799,0.7843400239944458,784.3400239944458,3.4760141977960304,270.5241082992349,1.8911244325341694,Factor of 77.8 difference
76799,0.8003399968147278,800.3399968147278,3.4621218878722284,279.8788728552182,1.9076277625957818,Factor of 80.8 difference
76799,0.8173400163650513,817.3400163650513,3.215138597631323,308.37818609967445,1.9818839504075827,Factor of 95.9 difference
76799,0.83433997631073,834.33997631073,2.902116398880086,324.10773963320537,2.0479745747752025,Factor of 111.7 difference
76799,0.8503400087356567,850.3400087356567,2.81978441172049,347.09259216643017,2.0902294394799443,Factor of 123.1 difference
76799,0.8673399686813354,867.3399686813354,2.819257356516204,365.6034562398344,2.1128755703463633,Factor of 129.7 difference
76799,0.8843399882316589,884.3399882316589,2.5680746863054456,389.1149484544848,2.180470265224601,Factor of 151.5 difference
76799,0.9003400206565857,900.3400206565857,2.584053671909968,378.3852067847676,2.1656326191364754,Factor of 146.4 difference
76799,0.9173399806022644,917.3399806022644,2.752114752184311,376.7913828766412,2.1364344237448383,Factor of 136.9 difference
76799,0.9343400001525879,934.3400001525879,2.4493382793907736,380.2103749762525,2.1909751935802886,Factor of 155.2 difference
76799,0.9503399729728699,950.3399729728699,2.503544660064859,380.471752639626,2.181767075915394,Factor of 152.0 difference
76799,0.9673399925231934,967.3399925231934,2.5620252742011203,390.2882487474055,2.182802065519995,Factor of 152.3 difference
76799,0.9843400120735168,984.3400120735168,2.356001625985503,397.7734846555743,2.2274602440989923,Factor of 168.8 difference
76799,1.0003399848937988,1000.3399848937988,2.3194783359327573,388.7386164106227,2.2242673640638495,Factor of 167.6 difference
76799,1.0173399448394775,1017.3399448394775,2.484484203250571,417.0285967148992,2.2249295968992806,Factor of 167.9 difference
76799,1.0343400239944458,1034.3400239944458,2.330398863907333,428.0380119214761,2.2640520783563716,Factor of 183.7 difference
76799,1.0503400564193726,1050.3400564193726,2.3678353393767027,429.4935753210422,2.2586051737070645,Factor of 181.4 difference
76799,1.0673400163650513,1067.3400163650513,2.288439731141727,441.1350425878229,2.2850320791029626,Factor of 192.8 difference
76799,1.08433997631073,1084.33997631073,2.193728993118389,445.2390040432596,2.307410227526364,Factor of 203.0 difference
76799,1.1003400087356567,1100.3400087356567,2.2404638418637184,446.6729220171167,2.299651686322011,Factor of 199.4 difference
76799,1.1173399686813354,1117.3399686813354,2.314380128159132,453.0429822150556,2.291704715732493,Factor of 195.8 difference
76799,1.1343400478363037,1134.3400478363037,2.2080385057602636,472.87914306880424,2.3307435165910464,Factor of 214.2 difference
76799,1.150339961051941,1150.339961051941,2.1134107870905003,469.7826087025127,2.3469130154262503,Factor of 222.3 difference
76799,1.1673400402069092,1167.3400402069092,2.2617687668295554,484.86310908724647,2.331170939460153,Factor of 214.4 difference
76799,1.184340000152588,1184.340000152588,2.023623866038032,498.7620056672466,2.391763569983388,Factor of 246.5 difference
76799,1.2003400325775146,1200.3400325775146,2.050099666098505,499.7533042402262,2.3869806993411578,Factor of 243.8 difference
76799,1.2173399925231934,1217.3399925231934,2.3543763328801646,510.81318791012734,2.3363862177119428,Factor of 217.0 difference
76799,1.234339952468872,1234.339952468872,2.2228357606908298,509.198816328701,2.3599800103899673,Factor of 229.1 difference
76799,1.2503399848937988,1250.3399848937988,2.2651703332328004,530.9595904832065,2.3699606046036297,Factor of 234.4 difference
76799,1.2673399448394775,1267.3399448394775,3.2861746254078645,581.8311822690721,2.248106354952779,Factor of 177.1 difference
76799,1.2843400239944458,1284.3400239944458,3.934324370138381,611.0603882756368,2.191213968687002,Factor of 155.3 difference
76799,1.300339937210083,1300.339937210083,4.361351969789977,614.8464518923764,2.1491455346695543,Factor of 141.0 difference
76799,1.3173400163650513,1317.3400163650513,4.53415331665531,653.0113625095976,2.1584245369822366,Factor of 144.0 difference
76799,1.33433997631073,1334.33997631073,4.598210410779342,644.9011677106381,2.146904322918026,Factor of 140.3 difference
76799,1.3503400087356567,1350.3400087356567,4.324539764702716,649.2405548365956,2.176465745367067,Factor of 150.1 difference
76799,1.3673399686813354,1367.3399686813354,4.159198894523331,636.2667539150527,2.1846295421653745,Factor of 153.0 difference
76799,1.3843400478363037,1384.3400478363037,4.113953048793345,653.5632786439319,2.201028311848694,Factor of 158.9 difference
76799,1.400339961051941,1400.339961051941,4.542397277290759,647.0025472967692,2.153620875655387,Factor of 142.4 difference
76799,1.4173400402069092,1417.3400402069092,4.781773228365451,661.0552980990394,2.140648814067507,Factor of 138.2 difference
76799,1.434340000152588,1434.340000152588,4.555713813065657,675.5388182056676,2.1710938755866747,Factor of 148.3 difference
76799,1.4503400325775146,1450.3400325775146,4.871829980645111,673.1711069965729,2.140433343780919,Factor of 138.2 difference
76799,1.4673399925231934,1467.3399925231934,4.978798315493484,660.2344044769604,2.122573617507987,Factor of 132.6 difference
76799,1.484339952468872,1484.339952468872,4.90360120301706,656.4075269885977,2.1266584095212,Factor of 133.9 difference
76799,1.5003399848937988,1500.3399848937988,4.798019197725674,667.5599033358459,2.1434282617771268,Factor of 139.1 difference
76799,1.5173399448394775,1517.3399448394775,5.433192424584519,698.9123876817298,2.1093676515853472,Factor of 128.6 difference
76799,1.5343400239944458,1534.3400239944458,4.9727400957634575,747.055980288311,2.1767573856103026,Factor of 150.2 difference
76799,1.550339937210083,1550.339937210083,4.725053608528958,814.77311759537,2.2366299513683288,Factor of 172.4 difference
76799,1.5673400163650513,1567.3400163650513,5.380722935207374,891.2045512964048,2.2191367658539463,Factor of 165.6 difference
76799,1.58433997631073,1584.33997631073,5.252245354650789,980.4052662009045,2.2710606297507057,Factor of 186.7 difference
76799,1.6003400087356567,1600.3400087356567,5.0520825320376614,1052.985390385598,2.3189519089408934,Factor of 208.4 difference
76799,1.6173399686813354,1617.3399686813354,6.7157101939060535,1129.5786721982415,2.2258245372205767,Factor of 168.2 difference
57407,0.05034000054001808,50.34000054001808,1.268810283062112,-13.15267387119601,0.0,Non-positive value (TS <= 0 or Interf <= 0)
57407,0.06734000146389008,67.34000146389008,1.2735891857409223,-13.15267387119601,0.0,Non-positive value (TS <= 0 or Interf <= 0)
57407,0.08433999866247177,84.33999866247177,1.9795590091606632,-10.715186774593345,0.0,Non-positive value (TS <= 0 or Interf <= 0)
57407,0.10034000128507614,100.34000128507614,2.8596171402389157,-17.58772994369095,0.0,Non-positive value (TS <= 0 or Interf <= 0)
57407,0.11733999848365784,117.33999848365784,3.5148806079999932,-17.219529008218533,0.0,Non-positive value (TS <= 0 or Interf <= 0)
57407,0.13434000313282013,134.34000313282013,4.391139680873536,-13.298229859308902,0.0,Non-positive value (TS <= 0 or Interf <= 0)
57407,0.1503400057554245,150.3400057554245,4.618699955254281,-11.725624766379957,0.0,Non-positive value (TS <= 0 or Interf <= 0)
57407,0.6503400206565857,650.3400206565857,5.872346306662409,-10.559987629700206,0.0,Non-positive value (TS <= 0 or Interf <= 0)
57407,0.6673399806022644,667.3399806022644,5.947596802234633,-18.59092435287377,0.0,Non-positive value (TS <= 0 or Interf <= 0)
57407,0.6843400001525879,684.3400001525879,5.492739695796616,-20.56111724845303,0.0,Non-positive value (TS <= 0 or Interf <= 0)
57407,0.7003399729728699,700.3399729728699,5.586414244147454,-14.168148505847137,0.0,Non-positive value (TS <= 0 or Interf <= 0)
57407,0.7173399925231934,717.3399925231934,5.675654999395045,-5.762116909294996,0.0,Non-positive value (TS <= 0 or Interf <= 0)
57407,0.7343400120735168,734.3400120735168,6.244065791741906,-1.3532746233713524,0.0,Non-positive value (TS <= 0 or Interf <= 0)
57407,0.7843400239944458,784.3400239944458,7.0909873315816405,-11.115025497448041,0.0,Non-positive value (TS <= 0 or Interf <= 0)
57407,0.8003399968147278,800.3399968147278,7.411770626355317,-8.058295211300539,0.0,Non-positive value (TS <= 0 or Interf <= 0)
57407,0.8173400163650513,817.3400163650513,7.228690514201607,-9.559771577614702,0.0,Non-positive value (TS <= 0 or Interf <= 0)
57407,0.83433997631073,834.33997631073,7.798473454919567,-10.209356890039649,0.0,Non-positive value (TS <= 0 or Interf <= 0)
57407,0.8503400087356567,850.3400087356567,7.283456044195644,-13.84336244670443,0.0,Non-positive value (TS <= 0 or Interf <= 0)
57407,0.8673399686813354,867.3399686813354,5.87138119958917,-16.81926103602435,0.0,Non-positive value (TS <= 0 or Interf <= 0)
57407,0.8843399882316589,884.3399882316589,6.377641381044651,-1.9531654187068686,0.0,Non-positive value (TS <= 0 or Interf <= 0)
57407,0.9003400206565857,900.3400206565857,6.931313085922945,-2.743897457715,0.0,Non-positive value (TS <= 0 or Interf <= 0)
57407,0.9173399806022644,917.3399806022644,7.130308555611663,-8.139684580425728,0.0,Non-positive value (TS <= 0 or Interf <= 0)
57407,0.9343400001525879,934.3400001525879,7.461353365881384,-13.359538627673693,0.0,Non-positive value (TS <= 0 or Interf <= 0)
57407,0.9503399729728699,950.3399729728699,7.138871444314199,-19.98540240483789,0.0,Non-positive value (TS <= 0 or Interf <= 0)
57407,0.9673399925231934,967.3399925231934,6.998520855203526,-20.599213127332213,0.0,Non-positive value (TS <= 0 or Interf <= 0)
57407,0.9843400120735168,984.3400120735168,7.313415261053228,-18.04019393187891,0.0,Non-positive value (TS <= 0 or Interf <= 0)
57407,1.0003399848937988,1000.3399848937988,7.749096257897407,-12.5482951992494,0.0,Non-positive value (TS <= 0 or Interf <= 0)
57407,1.0173399448394775,1017.3399448394775,7.4722017502111155,-3.418429589462555,0.0,Non-positive value (TS <= 0 or Interf <= 0)
57407,1.0503400564193726,1050.3400564193726,8.052285337530622,-3.4428532611526688,0.0,Non-positive value (TS <= 0 or Interf <= 0)
57407,1.0673400163650513,1067.3400163650513,7.290197237559862,-11.237263042959063,0.0,Non-positive value (TS <= 0 or Interf <= 0)
57407,1.08433997631073,1084.33997631073,8.22109062588824,-7.804878891721425,0.0,Non-positive value (TS <= 0 or Interf <= 0)
57407,1.1003400087356567,1100.3400087356567,8.170303314404679,-5.802738146480856,0.0,Non-positive value (TS <= 0 or Interf <= 0)
57407,1.1173399686813354,1117.3399686813354,8.394201733332428,-21.455669353499957,0.0,Non-positive value (TS <= 0 or Interf <= 0)
57407,1.1343400478363037,1134.3400478363037,9.658673125322121,-37.059702639603955,0.0,Non-positive value (TS <= 0 or Interf <= 0)
57407,1.150339961051941,1150.339961051941,8.51802138559297,-32.30453475179831,0.0,Non-positive value (TS <= 0 or Interf <= 0)
57407,1.1673400402069092,1167.3400402069092,8.389101624187171,-22.165304713378216,0.0,Non-positive value (TS <= 0 or Interf <= 0)
57407,1.184340000152588,1184.340000152588,7.612117897044342,-13.971593650000782,0.0,Non-positive value (TS <= 0 or Interf <= 0)
57407,1.2003400325775146,1200.3400325775146,8.484813482345873,-6.843264933668533,0.0,Non-positive value (TS <= 0 or Interf <= 0)
57407,1.2173399925231934,1217.3399925231934,8.401820531872179,-6.214787165864329,0.0,Non-positive value (TS <= 0 or Interf <= 0)
57407,1.300339937210083,1300.339937210083,9.192284251372776,-9.666050371555531,0.0,Non-positive value (TS <= 0 or Interf <= 0)
57407,1.3173400163650513,1317.3400163650513,8.534750732293489,-23.734151235758773,0.0,Non-positive value (TS <= 0 or Interf <= 0)
57407,1.33433997631073,1334.33997631073,9.062160789305478,-30.254918413884326,0.0,Non-positive value (TS <= 0 or Interf <= 0)
57407,1.3503400087356567,1350.3400087356567,9.673048700138192,-30.11814972270062,0.0,Non-positive value (TS <= 0 or Interf <= 0)
57407,1.3673399686813354,1367.3399686813354,9.209389169725425,-25.451141556819355,0.0,Non-positive value (TS <= 0 or Interf <= 0)
57407,1.3843400478363037,1384.3400478363037,10.513766151213401,-30.231095075542978,0.0,Non-positive value (TS <= 0 or Interf <= 0)
57407,1.400339961051941,1400.339961051941,9.532272577814526,-36.59970567735177,0.0,Non-positive value (TS <= 0 or Interf <= 0)
57407,1.4173400402069092,1417.3400402069092,8.68480592357478,-37.750385937456564,0.0,Non-positive value (TS <= 0 or Interf <= 0)
57407,1.434340000152588,1434.340000152588,9.789444932020938,-36.44306133437509,0.0,Non-positive value (TS <= 0 or Interf <= 0)
57407,1.4503400325775146,1450.3400325775146,9.6890919541703,-29.234084319754768,0.0,Non-positive value (TS <= 0 or Interf <= 0)
57407,1.4673399925231934,1467.3399925231934,9.492418101002242,-25.144898541376765,0.0,Non-positive value (TS <= 0 or Interf <= 0)
57407,1.484339952468872,1484.339952468872,10.185416983798314,-22.862868315192795,0.0,Non-positive value (TS <= 0 or Interf <= 0)
57407,1.5003399848937988,1500.3399848937988,10.408217958010706,-17.34320735376659,0.0,Non-positive value (TS <= 0 or Interf <= 0)
57407,1.5173399448394775,1517.3399448394775,10.055818898946162,0.3912282273952563,1.4099872613858067,Factor of 25.7 difference
56001,0.35034000873565674,350.34000873565674,2.8044608071627235,-1.5246323010974516,0.0,Non-positive value (TS <= 0 or Interf <= 0)
70353,0.05034000054001808,50.34000054001808,3.7084376193636674,0.03363163489613906,2.04244299833591,Factor of 110.3 difference
70353,0.06734000146389008,67.34000146389008,4.075766414882857,0.020286362335628493,2.3030051081452116,Factor of 200.9 difference
70353,0.08433999866247177,84.33999866247177,4.279140984323683,0.007484025180939879,2.7572213552971183,Factor of 571.8 difference
70353,0.10034000128507614,100.34000128507614,4.577737961287892,0.008785389963706368,2.7168898855661645,Factor of 521.1 difference
70353,0.11733999848365784,117.33999848365784,5.451741381029721,-0.006002085370160742,0.0,Non-positive value (TS <= 0 or Interf <= 0)
70353,0.13434000313282013,134.34000313282013,5.65620214688879,-0.01787668467810304,0.0,Non-positive value (TS <= 0 or Interf <= 0)
70353,0.1503400057554245,150.3400057554245,6.220245961323148,-0.025563439187361793,0.0,Non-positive value (TS <= 0 or Interf <= 0)
70353,0.1673399955034256,167.3399955034256,6.539980188972926,-0.0270568560097493,0.0,Non-positive value (TS <= 0 or Interf <= 0)
70353,0.1843400001525879,184.3400001525879,6.422458922148401,-0.010004139332547379,0.0,Non-positive value (TS <= 0 or Interf <= 0)
70353,0.20034000277519226,200.34000277519226,7.231662407484141,0.0194076687204352,2.571264773574234,Factor of 372.6 difference
70353,0.21733999252319336,217.33999252319336,6.542509554089168,0.029437558099909018,2.3468425838906684,Factor of 222.3 difference
70353,0.23433999717235565,234.33999717235565,7.330159004464543,0.01529558113189888,2.6805474133996468,Factor of 479.2 difference
70353,0.25033998489379883,250.33998489379883,7.735361931555387,0.0018411846193119232,3.6233833005360587,Factor of 4201.3 difference
70353,0.2673400044441223,267.3400044441223,7.1929371588372195,0.001138133584314368,3.800713027304283,Factor of 6319.9 difference
70353,0.2843399941921234,284.3399941921234,6.700138987440502,0.007217510434314649,2.9676963913729466,Factor of 928.3 difference
70353,0.3003399968147278,300.3399968147278,8.272478307177142,0.014872872168613478,2.745240791766049,Factor of 556.2 difference
70353,0.3173399865627289,317.3399865627289,7.387474221325906,-0.005165419727945728,0.0,Non-positive value (TS <= 0 or Interf <= 0)
70353,0.33434000611305237,334.34000611305237,7.7544082493650714,-0.028890056284857957,0.0,Non-positive value (TS <= 0 or Interf <= 0)
70353,0.35034000873565674,350.34000873565674,7.951302400937843,-0.010818316526000538,0.0,Non-positive value (TS <= 0 or Interf <= 0)
70353,0.36733999848365784,367.33999848365784,8.080768373089098,0.01844443640496128,2.6415872690374753,Factor of 438.1 difference
70353,0.38433998823165894,384.33998823165894,7.930874065342297,0.014931125669042585,2.725228502999279,Factor of 531.2 difference
70353,0.4003399908542633,400.3399908542633,8.584074010505585,-0.00852561831573586,0.0,Non-positive value (TS <= 0 or Interf <= 0)
70353,0.4173400104045868,417.3400104045868,7.4166116506371385,-0.010133960732023193,0.0,Non-positive value (TS <= 0 or Interf <= 0)
70353,0.4343400001525879,434.3400001525879,7.313749318093504,0.0012066559220514817,3.782556621952399,Factor of 6061.2 difference
70353,0.45034000277519226,450.34000277519226,7.079822668656605,0.009806661890238055,2.8585011777219362,Factor of 721.9 difference
70353,0.46733999252319336,467.33999252319336,6.079926405031162,0.0012386001708122112,3.690967186785295,Factor of 4908.7 difference
70353,0.48434001207351685,484.34001207351685,6.428403029967901,-0.022523083378130943,0.0,Non-positive value (TS <= 0 or Interf <= 0)
70353,0.5003399848937988,500.3399848937988,6.512648227948479,-0.028966960251273217,0.0,Non-positive value (TS <= 0 or Interf <= 0)
70353,0.5173400044441223,517.3400044441223,6.210309449032912,-0.01969315519660032,0.0,Non-positive value (TS <= 0 or Interf <= 0)
70353,0.5343400239944458,534.3400239944458,6.342943011096034,0.013728340693640807,2.664672761003483,Factor of 462.0 difference
70353,0.5503399968147278,550.3399968147278,6.951055754298222,0.022023248828117813,2.4991693863278583,Factor of 315.6 difference
70353,0.5673400163650513,567.3400163650513,6.240308004057453,0.008296369282351104,2.8763179509339345,Factor of 752.2 difference
70353,0.58433997631073,584.33997631073,6.64513652284215,0.008900325865527706,2.8730980001960646,Factor of 746.6 difference
70353,0.6003400087356567,600.3400087356567,6.798801632770138,0.012783173010613862,2.725793703230196,Factor of 531.9 difference
70353,0.6173399686813354,617.3399686813354,6.759254558336082,0.014721130974045798,2.6619576259506834,Factor of 459.2 difference
70353,0.6343399882316589,634.3399882316589,6.466422185615997,0.012803621349910118,2.703331233832116,Factor of 505.0 difference
70353,0.6503400206565857,650.3400206565857,7.023500106818476,-0.012270438096830464,0.0,Non-positive value (TS <= 0 or Interf <= 0)
70353,0.6673399806022644,667.3399806022644,6.502759842656841,-0.02917739990488187,0.0,Non-positive value (TS <= 0 or Interf <= 0)
70353,0.6843400001525879,684.3400001525879,6.646150608294856,-0.022131820447399937,0.0,Non-positive value (TS <= 0 or Interf <= 0)
70353,0.7003399729728699,700.3399729728699,7.396652809069813,-0.003270759544573133,0.0,Non-positive value (TS <= 0 or Interf <= 0)
70353,0.7173399925231934,717.3399925231934,6.726753196890126,0.010105127757571686,2.8232636852009594,Factor of 665.7 difference
70353,0.7343400120735168,734.3400120735168,7.067457384272772,0.012784161712085402,2.7425909428646573,Factor of 552.8 difference
70353,0.7503399848937988,750.3399848937988,7.315618280201878,0.013050298501588582,2.748630590977669,Factor of 560.6 difference
70353,0.7673400044441223,767.3400044441223,6.726129060737524,0.015705616505687244,2.6317102074931435,Factor of 428.3 difference
70353,0.7843400239944458,784.3400239944458,6.7827853234989135,0.008777050855204454,2.8880594570618383,Factor of 772.8 difference
70353,0.8003399968147278,800.3399968147278,6.895279415394918,-0.005114237461672755,0.0,Non-positive value (TS <= 0 or Interf <= 0)
70353,0.8173400163650513,817.3400163650513,6.010165664200043,-0.022180753868796723,0.0,Non-positive value (TS <= 0 or Interf <= 0)
70353,0.83433997631073,834.33997631073,5.721166005518945,-0.02633694218152837,0.0,Non-positive value (TS <= 0 or Interf <= 0)
70353,0.8503400087356567,850.3400087356567,5.591710303054751,-0.003707362941809459,0.0,Non-positive value (TS <= 0 or Interf <= 0)
70353,0.8673399686813354,867.3399686813354,5.3002526608675735,0.009943689385843097,2.7267490230818723,Factor of 533.0 difference
70353,0.8843399882316589,884.3399882316589,5.001332597804216,0.00830317079256105,2.779841765627729,Factor of 602.3 difference
70353,0.9003400206565857,900.3400206565857,5.255463892197702,0.004306014810878772,3.0865355373218177,Factor of 1220.5 difference
70353,0.9173399806022644,917.3399806022644,4.898346000328391,-0.0006937379889741824,0.0,Non-positive value (TS <= 0 or Interf <= 0)
70353,0.9343400001525879,934.3400001525879,5.024291646834311,0.004510245659764326,3.04687464384591,Factor of 1114.0 difference
70353,0.9503399729728699,950.3399729728699,4.987465286343259,-0.001415344195371008,0.0,Non-positive value (TS <= 0 or Interf <= 0)
70353,0.9673399925231934,967.3399925231934,4.347324052441581,-0.013218797799551795,0.0,Non-positive value (TS <= 0 or Interf <= 0)
70353,0.9843400120735168,984.3400120735168,4.672732908271716,-0.02296275059028787,0.0,Non-positive value (TS <= 0 or Interf <= 0)
70353,1.0003399848937988,1000.3399848937988,4.753245443032336,-0.017247736539224474,0.0,Non-positive value (TS <= 0 or Interf <= 0)
70353,1.0173399448394775,1017.3399448394775,4.115756632823865,0.004322266967126835,2.9787380989483125,Factor of 952.2 difference
70353,1.0343400239944458,1034.3400239944458,4.517637960360432,0.024746409276630632,2.26139923261926,Factor of 182.6 difference
70353,1.0503400564193726,1050.3400564193726,4.283707283688305,0.025334264886407987,2.2281114796866084,Factor of 169.1 difference
70353,1.0673400163650513,1067.3400163650513,4.390993799118522,0.00916407637120123,2.6804741239642023,Factor of 479.2 difference
70353,1.08433997631073,1084.33997631073,4.514077466945147,-0.0015011740701949953,0.0,Non-positive value (TS <= 0 or Interf <= 0)
70353,1.1003400087356567,1100.3400087356567,4.324617938269241,-0.003631925277229056,0.0,Non-positive value (TS <= 0 or Interf <= 0)
70353,1.1173399686813354,1117.3399686813354,3.7326938420218068,-0.00428933058092073,0.0,Non-positive value (TS <= 0 or Interf <= 0)
70353,1.1343400478363037,1134.3400478363037,4.317584144387954,-0.003536273349070029,0.0,Non-positive value (TS <= 0 or Interf <= 0)
70353,1.150339961051941,1150.339961051941,4.143569498724533,-0.005451843365974835,0.0,Non-positive value (TS <= 0 or Interf <= 0)
70353,1.1673400402069092,1167.3400402069092,3.7693066053544064,-0.013863164871023001,0.0,Non-positive value (TS <= 0 or Interf <= 0)
70353,1.184340000152588,1184.340000152588,3.7251797016040813,0.0005249826035859456,3.8510023154573765,Factor of 7095.8 difference
70353,1.2003400325775146,1200.3400325775146,3.7839485190805258,0.015678809037812533,2.3826321485625988,Factor of 241.3 difference
70353,1.2173399925231934,1217.3399925231934,3.7430040770035893,0.018266964920316722,2.3115539054020378,Factor of 204.9 difference
70353,1.234339952468872,1234.339952468872,3.836839749112573,0.004585192409582797,2.9226160958739036,Factor of 836.8 difference
70353,1.2503399848937988,1250.3399848937988,4.164315812063929,-0.006562295134447206,0.0,Non-positive value (TS <= 0 or Interf <= 0)
70353,1.2673399448394775,1267.3399448394775,4.823928197628524,0.0005701042415075328,3.927446562753593,Factor of 8461.5 difference
70353,1.2843400239944458,1284.3400239944458,5.867294137520418,0.006197878755793306,2.976194784463049,Factor of 946.7 difference
70353,1.300339937210083,1300.339937210083,6.624324415191322,0.00902420990221353,2.865732404739712,Factor of 734.1 difference
70353,1.3173400163650513,1317.3400163650513,7.075308363628566,-0.0003460505347817472,0.0,Non-positive value (TS <= 0 or Interf <= 0)
70353,1.33433997631073,1334.33997631073,6.934097325968903,-0.021448815850133914,0.0,Non-positive value (TS <= 0 or Interf <= 0)
70353,1.3503400087356567,1350.3400087356567,7.296811795160261,-0.01673471815759954,0.0,Non-positive value (TS <= 0 or Interf <= 0)
70353,1.3673399686813354,1367.3399686813354,7.106470088178885,-0.004481178180098458,0.0,Non-positive value (TS <= 0 or Interf <= 0)
70353,1.3843400478363037,1384.3400478363037,6.990530662362619,-0.010134233891943218,0.0,Non-positive value (TS <= 0 or Interf <= 0)
70353,1.400339961051941,1400.339961051941,7.105103720252591,-0.006688546986603316,0.0,Non-positive value (TS <= 0 or Interf <= 0)
70353,1.4173400402069092,1417.3400402069092,7.0613688889352035,0.009699770462162124,2.862127442684506,Factor of 728.0 difference
70353,1.434340000152588,1434.340000152588,7.013998212437569,0.015322043284402995,2.66064896598593,Factor of 457.8 difference
70353,1.4503400325775146,1450.3400325775146,7.118350602473288,0.00866983129162711,2.9143687281285513,Factor of 821.0 difference
70353,1.4673399925231934,1467.3399925231934,6.519739338927114,-0.0007646570795237376,0.0,Non-positive value (TS <= 0 or Interf <= 0)
70353,1.484339952468872,1484.339952468872,6.711885110860095,-0.0018571354836041728,0.0,Non-positive value (TS <= 0 or Interf <= 0)
70353,1.5003399848937988,1500.3399848937988,6.7852142892518,-0.01311248103810007,0.0,Non-positive value (TS <= 0 or Interf <= 0)
70353,1.5173399448394775,1517.3399448394775,6.364178773796644,-0.006963405136697754,0.0,Non-positive value (TS <= 0 or Interf <= 0)
70353,1.5343400239944458,1534.3400239944458,6.955427898971734,0.006569257276434023,3.0248075822313925,Factor of 1058.8 difference
70353,1.550339937210083,1550.339937210083,7.4096962379833045,0.014655660210572493,2.7037950169691003,Factor of 505.6 difference
70353,1.5673400163650513,1567.3400163650513,7.533668766765842,0.015538887593243443,2.6855865965809507,Factor of 484.8 difference
70353,1.58433997631073,1584.33997631073,7.887577501718732,0.012325826854073138,2.806127576836217,Factor of 639.9 difference
70353,1.6003400087356567,1600.3400087356567,8.827116409287534,0.015444924016728473,2.7570330778910384,Factor of 571.5 difference
70353,1.6173399686813354,1617.3399686813354,7.76831875820924,0.017111647923470336,2.657035201779541,Factor of 454.0 difference
56186,0.1503400057554245,150.3400057554245,405.0191103812774,4.126486930252628,1.9918950414911178,Factor of 98.2 difference
56186,0.23433999717235565,234.33999717235565,356.00651554502264,6.18832939766283,1.7598845237592107,Factor of 57.5 difference
56186,0.4343400001525879,434.3400001525879,415.28411752036175,6.744112734294298,1.7894205005742938,Factor of 61.6 difference
56186,0.5003399848937988,500.3399848937988,345.15045029648024,6.70560695748028,1.711570350224608,Factor of 51.5 difference
56186,0.5503399968147278,550.3399968147278,579.1259385912678,6.853570876058003,1.9268561086924505,Factor of 84.5 difference
56186,0.58433997631073,584.33997631073,75.3084564427004,6.2586088614963185,1.080365935490168,Factor of 12.0 difference
56186,0.6343399882316589,634.3399882316589,36.21911659345358,3.514159888748826,1.0131163360727045,Factor of 10.3 difference
51068,0.06734000146389008,67.34000146389008,16.347852518436653,1.5699540604432154,1.017573766693731,Factor of 10.4 difference
51068,0.1503400057554245,150.3400057554245,53.22039011142903,3.8707409654365814,1.138283944863288,Factor of 13.7 difference
51068,0.1673399955034256,167.3399955034256,87.52396727112387,4.159434016081262,1.323092755879355,Factor of 21.0 difference
51068,0.1843400001525879,184.3400001525879,98.73158472706348,4.196415429974531,1.371577632635614,Factor of 23.5 difference
51068,0.20034000277519226,200.34000277519226,47.736428825662294,4.460332525403557,1.029482688891643,Factor of 10.7 difference
51068,0.25033998489379883,250.33998489379883,55.16039732571195,4.7199149061912395,1.067693216829627,Factor of 11.7 difference
51068,0.2673400044441223,267.3400044441223,48.99595388115337,4.744543966653422,1.0139657416764507,Factor of 10.3 difference
51068,0.3003399968147278,300.3399968147278,73.67455167930096,4.768512440529636,1.1889345817839938,Factor of 15.5 difference
51068,0.33434000611305237,334.34000611305237,53.74005296113189,4.889033868292024,1.0410750442913312,Factor of 11.0 difference
51068,0.35034000873565674,350.34000873565674,54.11433191601836,4.938780172379121,1.0396926051859054,Factor of 11.0 difference
51068,0.4343400001525879,434.3400001525879,83.23769692376705,5.355628340115512,1.1915096243268053,Factor of 15.5 difference
51068,0.45034000277519226,450.34000277519226,104.82794699386646,5.5555437433009995,1.2757505089300192,Factor of 18.9 difference
51068,0.48434001207351685,484.34001207351685,89.53777553750035,5.685491064345985,1.1972383193310854,Factor of 15.7 difference
51068,0.5003399848937988,500.3399848937988,93.15719074942602,5.772698169396062,1.207837532841781,Factor of 16.1 difference
51068,0.5503399968147278,550.3399968147278,109.43219786021575,6.100431359505858,1.2537845768578544,Factor of 17.9 difference
51068,0.8003399968147278,800.3399968147278,59.25825229693512,5.866647919552312,1.0043588133990822,Factor of 10.1 difference
51068,0.83433997631073,834.33997631073,61.28281380988129,5.719194614174528,1.030003822702115,Factor of 10.7 difference
51068,0.8503400087356567,850.3400087356567,78.0048655468333,5.716351716909751,1.1350027503119149,Factor of 13.6 difference
51068,0.8673399686813354,867.3399686813354,58.958503926720404,5.563344998202396,1.0252104621975082,Factor of 10.6 difference
51068,0.8843399882316589,884.3399882316589,58.68649698211192,5.513246410589759,1.0271307837019674,Factor of 10.6 difference
51068,0.9003400206565857,900.3400206565857,63.685543850167136,5.441466333286682,1.0683249153628627,Factor of 11.7 difference
51068,0.9343400001525879,934.3400001525879,59.92426038018327,5.232395516679029,1.0589021175567856,Factor of 11.5 difference
51068,0.9503399729728699,950.3399729728699,66.15040100922346,5.356255501547995,1.091671195918157,Factor of 12.4 difference
51068,0.9673399925231934,967.3399925231934,57.8824408254779,5.318023283226968,1.0367966020371524,Factor of 10.9 difference
51068,0.9843400120735168,984.3400120735168,54.90863150333656,5.156438614604356,1.027290767843334,Factor of 10.6 difference
51068,1.0003399848937988,1000.3399848937988,90.2124185993799,4.985894245629323,1.2575232638627454,Factor of 18.1 difference
51068,1.0173399448394775,1017.3399448394775,54.59481526590998,4.874663251316991,1.049206781404913,Factor of 11.2 difference
51068,1.0343400239944458,1034.3400239944458,57.9699308516343,4.788844609550471,1.0829720372301668,Factor of 12.1 difference
51068,1.0503400564193726,1050.3400564193726,51.698718258431875,4.704649726555849,1.0409524813623907,Factor of 11.0 difference
51068,1.0673400163650513,1067.3400163650513,46.39179151193296,4.574347483157418,1.006111991968328,Factor of 10.1 difference
51068,1.08433997631073,1084.33997631073,45.14776090587501,4.359930401210866,1.0151566598765316,Factor of 10.4 difference
51068,1.1003400087356567,1100.3400087356567,73.94153506463331,4.187822526701136,1.246900193826328,Factor of 17.7 difference
51068,1.1173399686813354,1117.3399686813354,53.83190324668608,4.072065062919576,1.1212250262436405,Factor of 13.2 difference
51068,1.1343400478363037,1134.3400478363037,42.79359038770159,3.9928703190034285,1.0300935200281855,Factor of 10.7 difference
51068,1.150339961051941,1150.339961051941,39.55419161317946,3.936119246238096,1.0021242659919256,Factor of 10.0 difference
51068,1.184340000152588,1184.340000152588,60.83363497679396,3.85721433358703,1.1978699955757184,Factor of 15.8 difference
51068,1.234339952468872,1234.339952468872,49.08771782438302,3.7120959511019915,1.121353648008954,Factor of 13.2 difference
51068,1.2843400239944458,1284.3400239944458,37.472286604518345,3.6083930930027166,1.0163963522348962,Factor of 10.4 difference
51068,1.300339937210083,1300.339937210083,37.99493016518175,3.6117648553604544,1.0220061828753455,Factor of 10.5 difference
51068,1.3173400163650513,1317.3400163650513,35.76673783510741,3.4789695792972037,1.0120287001844663,Factor of 10.3 difference
51068,1.33433997631073,1334.33997631073,37.04027656861995,3.630704163051222,1.0086833575864027,Factor of 10.2 difference
51068,1.3503400087356567,1350.3400087356567,51.63389651645098,3.6592065830757337,1.1495479714394707,Factor of 14.1 difference
51068,1.3673399686813354,1367.3399686813354,37.81350104217675,3.7362975214432943,1.0052054374751813,Factor of 10.1 difference
51068,1.3843400478363037,1384.3400478363037,40.50558029020086,3.7701475262206574,1.03115651381166,Factor of 10.7 difference
51068,1.400339961051941,1400.339961051941,46.655190306224036,3.8007187873239925,1.0890342276226144,Factor of 12.3 difference
51068,1.4173400402069092,1417.3400402069092,44.60831043119519,3.9577462001517985,1.0519678337656946,Factor of 11.3 difference
51068,1.434340000152588,1434.340000152588,59.624733835375885,4.1453510313480555,1.1578651405463845,Factor of 14.4 difference
51068,1.4503400325775146,1450.3400325775146,47.66963324152048,4.186825929361719,1.0563569054585855,Factor of 11.4 difference
51068,1.4673399925231934,1467.3399925231934,43.79811158626542,4.147257144705968,1.023694421721842,Factor of 10.6 difference
51068,1.484339952468872,1484.339952468872,48.20385710127954,4.377317638287865,1.0418737281693584,Factor of 11.0 difference
51068,1.5003399848937988,1500.3399848937988,47.47443847693142,4.564530603539982,1.0170637134339988,Factor of 10.4 difference
51068,1.5173399448394775,1517.3399448394775,48.29545127230467,4.748264714001816,1.0073713057522704,Factor of 10.2 difference
51068,1.5343400239944458,1534.3400239944458,53.52137835553196,4.954697582312109,1.0335101376578444,Factor of 10.8 difference
51068,1.550339937210083,1550.339937210083,56.571278700233094,5.254422692825242,1.032070988619742,Factor of 10.8 difference
51068,1.5673400163650513,1567.3400163650513,59.72188573027484,5.356590632692141,1.0472450546964045,Factor of 11.1 difference
51068,1.58433997631073,1584.33997631073,63.90915248307781,5.593490088598805,1.0578801854193836,Factor of 11.4 difference
51068,1.6003400087356567,1600.3400087356567,62.15165281775239,5.593490088598805,1.045769809587814,Factor of 11.1 difference
51068,1.6173399686813354,1617.3399686813354,69.24642955833724,5.593490088598805,1.0927145126214475,Factor of 12.4 difference
79249,0.017340000718832016,17.340000718832016,0.5894924106341113,310.77829507858854,2.721972461647729,Factor of 527.2 difference
79249,0.05079000070691109,50.79000070691109,1.0562424600599423,289.7093301218425,2.438198860155169,Factor of 274.3 difference
79249,0.06734000146389008,67.34000146389008,1.6805291329419454,227.86425341017713,2.132230154226985,Factor of 135.6 difference
79249,0.08433999866247177,84.33999866247177,2.473265763048379,208.75182101654687,1.9263594869981944,Factor of 84.4 difference
79249,0.10079000145196915,100.79000145196915,3.2232756981172015,211.27660933639496,1.816553964661491,Factor of 65.5 difference
79249,0.11733999848365784,117.33999848365784,3.807182622548395,186.38842301065273,1.689815224375625,Factor of 49.0 difference
79249,0.13434000313282013,134.34000313282013,5.188090388836188,171.20699977301933,1.5185139828525778,Factor of 33.0 difference
79249,0.1507900059223175,150.7900059223175,4.7286325567870895,171.01990335599976,1.55831108864565,Factor of 36.2 difference
79249,0.1673399955034256,167.3399955034256,5.308899774553611,174.67582701725726,1.517228281657541,Factor of 32.9 difference
79249,0.1843400001525879,184.3400001525879,6.549571333004387,169.01540745685247,1.4117134202244914,Factor of 25.8 difference
79249,0.20079000294208527,200.79000294208527,5.694363874572331,188.06782938544802,1.5188692966341142,Factor of 33.0 difference
79249,0.21733999252319336,217.33999252319336,5.973192113511353,171.10275551539453,1.4570505206499074,Factor of 28.6 difference
79249,0.23433999717235565,234.33999717235565,7.096830467204171,188.69456156859198,1.4246949526942005,Factor of 26.6 difference
79249,0.250789999961853,250.78999996185303,6.099264718612152,190.00830380114246,1.493495098141576,Factor of 31.2 difference
79249,0.2673400044441223,267.3400044441223,5.931512847211364,208.86598726710073,1.5467022477665555,Factor of 35.2 difference
79249,0.2843399941921234,284.3399941921234,5.544567351883299,223.50023722375747,1.605410325053537,Factor of 40.3 difference
79249,0.300790011882782,300.790011882782,6.263835479552675,232.33862186121624,1.5692810665704027,Factor of 37.1 difference
79249,0.3173399865627289,317.3399865627289,6.729316393001614,244.66500218882695,1.560600902608729,Factor of 36.4 difference
79249,0.33434000611305237,334.34000611305237,7.2389603089699674,268.1155832185172,1.568645861054108,Factor of 37.0 difference
79249,0.35078999400138855,350.78999400138855,7.1848419550412554,271.24600717200474,1.5769461345497535,Factor of 37.8 difference
79249,0.36733999848365784,367.33999848365784,7.230023874955025,274.8641146701412,1.5799783121023008,Factor of 38.0 difference
79249,0.38433998823165894,384.33998823165894,9.03222145258258,281.8506613620717,1.4942244811213263,Factor of 31.2 difference
79249,0.4007900059223175,400.7900059223175,7.496091939928095,284.00760410860545,1.578495063584188,Factor of 37.9 difference
79249,0.4173400104045868,417.3400104045868,7.45177623674958,278.8415249760488,1.5730976438658926,Factor of 37.4 difference
79249,0.4343400001525879,434.3400001525879,7.544007527603281,287.97597906776065,1.5817541503969899,Factor of 38.2 difference
79249,0.4507899880409241,450.7899880409241,6.4765536585858445,286.9987823911143,1.6465360861892586,Factor of 44.3 difference
79249,0.46733999252319336,467.33999252319336,6.205065066544551,288.15119724076305,1.6668740884864877,Factor of 46.4 difference
79249,0.48434001207351685,484.34001207351685,5.975730096000986,303.7424902657337,1.7061145756328422,Factor of 50.8 difference
79249,0.500789999961853,500.789999961853,5.45791843261866,296.3046828911406,1.7347114743114305,Factor of 54.3 difference
79249,0.5173400044441223,517.3400044441223,5.24705892737371,314.27708533409736,1.77739677516835,Factor of 59.9 difference
79249,0.5343400239944458,534.3400239944458,5.626912769920416,314.9726100015494,1.7480026065669954,Factor of 56.0 difference
79249,0.550790011882782,550.790011882782,5.4390171454254075,322.40779965885906,1.772885111826231,Factor of 59.3 difference
79249,0.5673400163650513,567.3400163650513,5.370956144014566,311.3060043649257,1.7631358910849615,Factor of 58.0 difference
79249,0.58433997631073,584.33997631073,6.039870729638993,325.38771894229944,1.731373513814419,Factor of 53.9 difference
79249,0.6007900238037109,600.7900238037109,5.701047369725413,330.79648579977606,1.7636062376480535,Factor of 58.0 difference
79249,0.6173399686813354,617.3399686813354,5.6077148652544455,331.1262055874949,1.7712076295127703,Factor of 59.0 difference
79249,0.6343399882316589,634.3399882316589,6.76283066727611,335.4086503256638,1.6954457456689278,Factor of 49.6 difference
79249,0.6507899761199951,650.7899761199951,5.842171281930987,345.17256690779374,1.7714619866730381,Factor of 59.1 difference
79249,0.6673399806022644,667.3399806022644,6.133745597673748,331.8182962602311,1.7331745697974874,Factor of 54.1 difference
79249,0.6843400001525879,684.3400001525879,6.666343383281587,324.2966093425782,1.6870547275601346,Factor of 48.6 difference
79249,0.7007899880409241,700.7899880409241,6.124650439372904,331.50622495355196,1.7334103812514252,Factor of 54.1 difference
79249,0.7173399925231934,717.3399925231934,6.541345236518432,341.3359785327345,1.7175149967605745,Factor of 52.2 difference
79249,0.7343400120735168,734.3400120735168,7.121350784038583,344.0043613119515,1.6840015698156896,Factor of 48.3 difference
79249,0.750789999961853,750.789999961853,6.923952396366968,352.6760423944534,1.7070218853013732,Factor of 50.9 difference
79249,0.7673400044441223,767.3400044441223,6.81497972073861,366.25507081091956,1.7303190783748883,Factor of 53.7 difference
79249,0.7843400239944458,784.3400239944458,7.979919634405805,361.5963784713815,1.656225554594029,Factor of 45.3 difference
79249,0.800790011882782,800.790011882782,7.220905831576924,363.55282659200424,1.7019758442335182,Factor of 50.3 difference
79249,0.8173400163650513,817.3400163650513,6.987308516454746,361.6391063728462,1.7139654679668814,Factor of 51.8 difference
79249,0.83433997631073,834.33997631073,6.980298712091015,373.7553656303424,1.7287134280629297,Factor of 53.5 difference
79249,0.8507900238037109,850.7900238037109,6.134493894889283,370.31545993996144,1.7807931047825993,Factor of 60.4 difference
79249,0.8673399686813354,867.3399686813354,5.673277092750229,391.73731007500965,1.839160941065086,Factor of 69.0 difference
79249,0.8843399882316589,884.3399882316589,6.007345245543945,387.09049597948876,1.8091299166406,Factor of 64.4 difference
79249,0.9007899761199951,900.7899761199951,5.203875224710698,395.8703760430382,1.881226128869607,Factor of 76.1 difference
79249,0.9173399806022644,917.3399806022644,5.350120621566677,410.3181769751218,1.8847571829593592,Factor of 76.7 difference
79249,0.9343400001525879,934.3400001525879,5.672322383241841,415.0402574794151,1.864329318070001,Factor of 73.2 difference
79249,0.9507899880409241,950.7899880409241,4.787920197343164,419.0051140013614,1.9420724204166462,Factor of 87.5 difference
79249,0.9673399925231934,967.3399925231934,4.991697147315727,418.48430085195366,1.9234309421098335,Factor of 83.8 difference
79249,0.9843400120735168,984.3400120735168,5.460822842830233,420.49949280021593,1.8865073886864216,Factor of 77.0 difference
79249,1.000789999961853,1000.789999961853,4.560100376178445,439.07129620607805,1.9835606441290814,Factor of 96.3 difference
79249,1.0173399448394775,1017.3399448394775,4.680264120837455,421.15476654599837,1.9541713580549773,Factor of 90.0 difference
79249,1.0343400239944458,1034.3400239944458,5.135078859125403,440.83279475783104,1.9337267779792564,Factor of 85.8 difference
79249,1.0507899522781372,1050.7899522781372,4.582324213322596,448.6793037986079,1.9908502237304657,Factor of 97.9 difference
79249,1.0673400163650513,1067.3400163650513,4.483101128259892,456.72653264527725,2.008077706196023,Factor of 101.9 difference
79249,1.08433997631073,1084.33997631073,5.350992234056951,477.15880120470376,1.9502286181290702,Factor of 89.2 difference
79249,1.100790023803711,1100.790023803711,4.5115476453539936,493.60836772866054,2.039056965111725,Factor of 109.4 difference
79249,1.1173399686813354,1117.3399686813354,4.544761999352305,496.3717201650197,2.038295885461787,Factor of 109.2 difference
79249,1.1343400478363037,1134.3400478363037,4.8256594924178975,495.4564761307474,2.011448835443229,Factor of 102.7 difference
79249,1.1507899761199951,1150.7899761199951,4.4551865966842525,506.737261362371,2.055916941650991,Factor of 113.7 difference
79249,1.1673400402069092,1167.3400402069092,4.549216053361814,516.8375968366655,2.0554175354325177,Factor of 113.6 difference
79249,1.184340000152588,1184.340000152588,4.775215462438783,506.6868773415398,2.0257466845070384,Factor of 106.1 difference
79249,1.2007900476455688,1200.7900476455688,4.520264837542731,505.2587858997006,2.0483499937489698,Factor of 111.8 difference
79249,1.2173399925231934,1217.3399925231934,4.321174445256843,518.1720134062554,2.0788721538573816,Factor of 119.9 difference
79249,1.234339952468872,1234.339952468872,4.554836225593492,541.7803330128943,2.0753504697750333,Factor of 118.9 difference
79249,1.250789999961853,1250.789999961853,4.532557850104966,545.7418681301153,2.080643917384268,Factor of 120.4 difference
79249,1.2673399448394775,1267.3399448394775,4.924882351360956,607.0409819032039,2.0908221514287217,Factor of 123.3 difference
79249,1.2843400239944458,1284.3400239944458,5.598958379793743,615.6531591756292,2.041228873209466,Factor of 110.0 difference
79249,1.3007899522781372,1300.7899522781372,6.007694766499231,621.4768764437727,2.014717114980615,Factor of 103.4 difference
79249,1.3173400163650513,1317.3400163650513,6.399888176615968,639.5797706859325,1.9997223332113037,Factor of 99.9 difference
79249,1.33433997631073,1334.33997631073,7.193014781989533,625.8731215150257,1.9395753481271851,Factor of 87.0 difference
79249,1.350790023803711,1350.790023803711,7.059559960190494,630.718769534095,1.9510581240896827,Factor of 89.3 difference
79249,1.3673399686813354,1367.3399686813354,6.891882978161887,642.714557501559,1.9696802421377673,Factor of 93.3 difference
79249,1.3843400478363037,1384.3400478363037,8.199490190150357,639.6868437670732,1.8921805681979724,Factor of 78.0 difference
79249,1.4007899761199951,1400.7899761199951,6.373307241627535,627.1861459863856,1.9930316013187914,Factor of 98.4 difference
79249,1.4173400402069092,1417.3400402069092,6.556094006013222,625.8083822703823,1.9797962037520929,Factor of 95.5 difference
79249,1.434340000152588,1434.340000152588,7.328803055232797,633.9176200544209,1.9369997721879728,Factor of 86.5 difference
79249,1.4507900476455688,1450.7900476455688,6.188401668354037,621.4093224493621,2.0017992697628584,Factor of 100.4 difference
79249,1.4673399925231934,1467.3399925231934,6.5615190668868255,634.2583173662315,1.9852617758979108,Factor of 96.7 difference
79249,1.484339952468872,1484.339952468872,7.199619687224182,648.0948390913926,1.9543290072317379,Factor of 90.0 difference
79249,1.500789999961853,1500.789999961853,6.568040312176637,652.6057570681576,1.9972150910116042,Factor of 99.4 difference
79249,1.5173399448394775,1517.3399448394775,6.809517178123296,686.5759024024551,2.0035722365937763,Factor of 100.8 difference
79249,1.5343400239944458,1534.3400239944458,8.06463633888642,705.2791264749434,1.9417762422109912,Factor of 87.5 difference
79249,1.5507899522781372,1550.7899522781372,7.339984430948786,781.2563721535579,2.0270984338757474,Factor of 106.4 difference
79249,1.5673400163650513,1567.3400163650513,7.8729583858811445,860.2229946748303,2.0384730916297857,Factor of 109.3 difference
79249,1.58433997631073,1584.33997631073,8.942706564713239,950.8624407752889,2.0266487124668155,Factor of 106.3 difference
79249,1.600790023803711,1600.790023803711,8.744932652625845,1055.485563718733,2.0816958284776645,Factor of 120.7 difference
79249,1.6173399686813354,1617.3399686813354,8.35380810139899,1188.7704954106882,2.1532135229200238,Factor of 142.3 difference
65317,1.33433997631073,1334.33997631073,12.707329616278583,-3.5393543180900107,0.0,Non-positive value (TS <= 0 or Interf <= 0)
65317,1.3503400087356567,1350.3400087356567,12.944280500352614,-3.5472378164611644,0.0,Non-positive value (TS <= 0 or Interf <= 0)
65317,1.3673399686813354,1367.3399686813354,13.848493674419819,-12.566347420958877,0.0,Non-positive value (TS <= 0 or Interf <= 0)
65317,1.3843400478363037,1384.3400478363037,14.461060022305604,-14.088068874972954,0.0,Non-positive value (TS <= 0 or Interf <= 0)
75461,0.9503399729728699,950.3399729728699,9.1478968184011,-0.41762241633687963,0.0,Non-positive value (TS <= 0 or Interf <= 0)
75461,0.9673399925231934,967.3399925231934,9.154289400249809,-2.291526488210748,0.0,Non-positive value (TS <= 0 or Interf <= 0)
75461,0.9843400120735168,984.3400120735168,9.72527660198201,-6.416713795719345,0.0,Non-positive value (TS <= 0 or Interf <= 0)
75461,1.0003399848937988,1000.3399848937988,9.062254694057673,-7.320179421630327,0.0,Non-positive value (TS <= 0 or Interf <= 0)
75461,1.0173399448394775,1017.3399448394775,7.430167693178386,-9.288155261963338,0.0,Non-positive value (TS <= 0 or Interf <= 0)
75461,1.0343400239944458,1034.3400239944458,9.706002563350653,-10.399401757440266,0.0,Non-positive value (TS <= 0 or Interf <= 0)
75461,1.0503400564193726,1050.3400564193726,9.774783333529102,-11.023890057254247,0.0,Non-positive value (TS <= 0 or Interf <= 0)
75461,1.0673400163650513,1067.3400163650513,9.327560838869411,-10.31312967707845,0.0,Non-positive value (TS <= 0 or Interf <= 0)
75461,1.08433997631073,1084.33997631073,9.749342521800662,-10.222489456921805,0.0,Non-positive value (TS <= 0 or Interf <= 0)
75461,1.1003400087356567,1100.3400087356567,10.24670932645005,-12.538820047845878,0.0,Non-positive value (TS <= 0 or Interf <= 0)
75461,1.1173399686813354,1117.3399686813354,10.962526023833522,-11.485449205627171,0.0,Non-positive value (TS <= 0 or Interf <= 0)
75461,1.1343400478363037,1134.3400478363037,10.359516558794759,-12.431189294407536,0.0,Non-positive value (TS <= 0 or Interf <= 0)
75461,1.150339961051941,1150.339961051941,11.072076791513323,-13.077723242163078,0.0,Non-positive value (TS <= 0 or Interf <= 0)
75461,1.1673400402069092,1167.3400402069092,11.479633302380673,-14.711396970117306,0.0,Non-positive value (TS <= 0 or Interf <= 0)
75461,1.184340000152588,1184.340000152588,10.788583234543843,-16.399490366381333,0.0,Non-positive value (TS <= 0 or Interf <= 0)
75461,1.2003400325775146,1200.3400325775146,11.087301010224092,-16.60466979143596,0.0,Non-positive value (TS <= 0 or Interf <= 0)
75461,1.2173399925231934,1217.3399925231934,11.500042942383196,-16.170162147543536,0.0,Non-positive value (TS <= 0 or Interf <= 0)
75461,1.234339952468872,1234.339952468872,11.128826546847428,-18.470245475046287,0.0,Non-positive value (TS <= 0 or Interf <= 0)
75461,1.2503399848937988,1250.3399848937988,11.72646878930949,-17.981460659551026,0.0,Non-positive value (TS <= 0 or Interf <= 0)
75461,1.2673399448394775,1267.3399448394775,11.21846907914756,-20.712651061383816,0.0,Non-positive value (TS <= 0 or Interf <= 0)
75461,1.2843400239944458,1284.3400239944458,11.488471033898795,-19.80397067172462,0.0,Non-positive value (TS <= 0 or Interf <= 0)
75461,1.300339937210083,1300.339937210083,12.093919658748028,-19.8661467348614,0.0,Non-positive value (TS <= 0 or Interf <= 0)
75461,1.3173400163650513,1317.3400163650513,11.39944080230666,-21.881899873858487,0.0,Non-positive value (TS <= 0 or Interf <= 0)
75461,1.33433997631073,1334.33997631073,11.006776316473154,-23.479252774505415,0.0,Non-positive value (TS <= 0 or Interf <= 0)
75461,1.3503400087356567,1350.3400087356567,12.409071732656946,-25.68684166544244,0.0,Non-positive value (TS <= 0 or Interf <= 0)
75461,1.3673399686813354,1367.3399686813354,12.073238947566502,-26.191364450573037,0.0,Non-positive value (TS <= 0 or Interf <= 0)
75461,1.3843400478363037,1384.3400478363037,12.968915725262335,-24.93694834702014,0.0,Non-positive value (TS <= 0 or Interf <= 0)
75461,1.400339961051941,1400.339961051941,12.941666509622447,-25.348816606692008,0.0,Non-positive value (TS <= 0 or Interf <= 0)
75461,1.4173400402069092,1417.3400402069092,11.726059219470477,-25.47055453411937,0.0,Non-positive value (TS <= 0 or Interf <= 0)
75461,1.434340000152588,1434.340000152588,13.39235592967151,-27.542015089444703,0.0,Non-positive value (TS <= 0 or Interf <= 0)
75461,1.4503400325775146,1450.3400325775146,12.397861535915988,-27.2611945420549,0.0,Non-positive value (TS <= 0 or Interf <= 0)
75461,1.4673399925231934,1467.3399925231934,13.044732561736646,-27.546793127174368,0.0,Non-positive value (TS <= 0 or Interf <= 0)
75461,1.484339952468872,1484.339952468872,12.759658101940076,-27.848569486580278,0.0,Non-positive value (TS <= 0 or Interf <= 0)
75461,1.5003399848937988,1500.3399848937988,13.570772414293009,-28.053319662295422,0.0,Non-positive value (TS <= 0 or Interf <= 0)
75461,1.5173399448394775,1517.3399448394775,13.574495603714858,-27.89607190733741,0.0,Non-positive value (TS <= 0 or Interf <= 0)
75461,1.5343400239944458,1534.3400239944458,12.486590828509295,-28.094583893881204,0.0,Non-positive value (TS <= 0 or Interf <= 0)
75461,1.550339937210083,1550.339937210083,12.72885002368207,-27.923125171036514,0.0,Non-positive value (TS <= 0 or Interf <= 0)
75461,1.5673400163650513,1567.3400163650513,14.370874514841432,-27.610292122701686,0.0,Non-positive value (TS <= 0 or Interf <= 0)
75461,1.58433997631073,1584.33997631073,13.485925316868594,-27.890468796082263,0.0,Non-positive value (TS <= 0 or Interf <= 0)
75461,1.6003400087356567,1600.3400087356567,13.733284554489526,-27.76913372971532,0.0,Non-positive value (TS <= 0 or Interf <= 0)
75461,1.6173399686813354,1617.3399686813354,14.668365384609775,-27.997445120199753,0.0,Non-positive value (TS <= 0 or Interf <= 0)
75461,1.6343400478363037,1634.3400478363037,13.870085679246564,-26.95099504397092,0.0,Non-positive value (TS <= 0 or Interf <= 0)
75461,1.650339961051941,1650.339961051941,13.54308393634524,-26.798470790965833,0.0,Non-positive value (TS <= 0 or Interf <= 0)
75461,1.6673400402069092,1667.3400402069092,13.630385866515498,-27.24941833271677,0.0,Non-positive value (TS <= 0 or Interf <= 0)
75461,1.684340000152588,1684.340000152588,13.57676886782383,-27.723584041609122,0.0,Non-positive value (TS <= 0 or Interf <= 0)
75461,1.7003400325775146,1700.3400325775146,13.912869726477693,-29.93668280521526,0.0,Non-positive value (TS <= 0 or Interf <= 0)
75461,1.7173399925231934,1717.3399925231934,12.498033799631076,-29.983062844502758,0.0,Non-positive value (TS <= 0 or Interf <= 0)
75461,1.734339952468872,1734.339952468872,13.13540457541041,-30.39315077494693,0.0,Non-positive value (TS <= 0 or Interf <= 0)
75461,1.7503399848937988,1750.3399848937988,13.291539307859756,-29.7226984910454,0.0,Non-positive value (TS <= 0 or Interf <= 0)
75461,1.7673399448394775,1767.3399448394775,12.342385882350955,-30.29253050764729,0.0,Non-positive value (TS <= 0 or Interf <= 0)
75461,1.7843400239944458,1784.3400239944458,12.755675173070081,-29.59037358605651,0.0,Non-positive value (TS <= 0 or Interf <= 0)
58055,0.13434000313282013,134.34000313282013,9411.801575323529,4.743707898011661,3.297554823821608,Factor of 1984.1 difference
58055,0.1843400001525879,184.3400001525879,11115.774088908398,5.555101299821983,3.3012477289162128,Factor of 2001.0 difference
58055,0.20034000277519226,200.34000277519226,10654.789177888295,6.021631120361757,3.247830713414425,Factor of 1769.4 difference
58055,0.2843399941921234,284.3399941921234,70265.68207674152,7.505445811496629,3.971366772616958,Factor of 9362.0 difference
56861,1.5173399448394775,1517.3399448394775,7.979173049385737,0.5670549251080323,1.148332757172579,Factor of 14.1 difference
56861,1.5343400239944458,1534.3400239944458,6.337107944601892,0.5564988438232432,1.0564268384587605,Factor of 11.4 difference
56861,1.550339937210083,1550.339937210083,7.393370185235625,0.27434266468359864,1.4305490992061514,Factor of 26.9 difference
56861,1.5673400163650513,1567.3400163650513,5.9511938173207755,0.4325086492897575,1.1386092976227542,Factor of 13.8 difference
56861,1.6003400087356567,1600.3400087356567,6.032555483074329,0.6007627630319239,1.001798318889992,Factor of 10.0 difference
75026,0.9503399729728699,950.3399729728699,7.254869984544275,-0.16027451805474488,0.0,Non-positive value (TS <= 0 or Interf <= 0)
75026,0.9753400087356567,975.3400087356567,8.31898380492903,-7.784077011333205,0.0,Non-positive value (TS <= 0 or Interf <= 0)
75026,1.0003399848937988,1000.3399848937988,7.389848623364347,-6.25358321374808,0.0,Non-positive value (TS <= 0 or Interf <= 0)
75026,1.025339961051941,1025.339961051941,7.452116780377314,-11.766813351565748,0.0,Non-positive value (TS <= 0 or Interf <= 0)
75026,1.0503400564193726,1050.3400564193726,7.359817128992131,-15.433385563035953,0.0,Non-positive value (TS <= 0 or Interf <= 0)
75026,1.0753400325775146,1075.3400325775146,7.397241346131096,-18.582687691367777,0.0,Non-positive value (TS <= 0 or Interf <= 0)
75026,1.1003400087356567,1100.3400087356567,7.331536876260118,-20.98715425476507,0.0,Non-positive value (TS <= 0 or Interf <= 0)
75026,1.1253399848937988,1125.3399848937988,7.782385355541072,-24.356232044912574,0.0,Non-positive value (TS <= 0 or Interf <= 0)
75026,1.150339961051941,1150.339961051941,7.440257632536347,-24.649214070514883,0.0,Non-positive value (TS <= 0 or Interf <= 0)
75026,1.1753400564193726,1175.3400564193726,7.721725187850793,-29.631479487967894,0.0,Non-positive value (TS <= 0 or Interf <= 0)
75026,1.2003400325775146,1200.3400325775146,7.884151559652617,-31.935411985777165,0.0,Non-positive value (TS <= 0 or Interf <= 0)
75026,1.2253400087356567,1225.3400087356567,7.370071869315902,-35.31671458600693,0.0,Non-positive value (TS <= 0 or Interf <= 0)
75026,1.2503399848937988,1250.3399848937988,7.484516642018057,-37.70417478315509,0.0,Non-positive value (TS <= 0 or Interf <= 0)
75026,1.275339961051941,1275.339961051941,7.623633411792072,-38.47402291820757,0.0,Non-positive value (TS <= 0 or Interf <= 0)
75026,1.300339937210083,1300.339937210083,8.102982007544634,-38.86672976883986,0.0,Non-positive value (TS <= 0 or Interf <= 0)
75026,1.3253400325775146,1325.3400325775146,7.5665358888558645,-40.24266741593177,0.0,Non-positive value (TS <= 0 or Interf <= 0)
75026,1.3503400087356567,1350.3400087356567,6.544163340886266,-41.246224224147106,0.0,Non-positive value (TS <= 0 or Interf <= 0)
75026,1.3753399848937988,1375.3399848937988,4.71770230348857,-41.62378068415794,0.0,Non-positive value (TS <= 0 or Interf <= 0)
75026,1.400339961051941,1400.339961051941,4.179975275623443,-41.60605479749959,0.0,Non-positive value (TS <= 0 or Interf <= 0)
75026,1.425339937210083,1425.339937210083,3.8630141918904233,-41.82370884167831,0.0,Non-positive value (TS <= 0 or Interf <= 0)
75026,1.4503400325775146,1450.3400325775146,3.6841006386046424,-41.70230164734859,0.0,Non-positive value (TS <= 0 or Interf <= 0)
75026,1.4753400087356567,1475.3400087356567,3.8417784473073207,-41.64692496411798,0.0,Non-positive value (TS <= 0 or Interf <= 0)
75026,1.5003399848937988,1500.3399848937988,3.7567776305642266,-41.81952541983695,0.0,Non-positive value (TS <= 0 or Interf <= 0)
75026,1.525339961051941,1525.339961051941,3.6666476443681453,-41.82243164897149,0.0,Non-positive value (TS <= 0 or Interf <= 0)
75026,1.550339937210083,1550.339937210083,3.794948161352925,-41.36051010156605,0.0,Non-positive value (TS <= 0 or Interf <= 0)
75026,1.5753400325775146,1575.3400325775146,3.6951823094559546,-41.40396983797017,0.0,Non-positive value (TS <= 0 or Interf <= 0)
75026,1.6003400087356567,1600.3400087356567,3.6138291610447215,-41.369084533044095,0.0,Non-positive value (TS <= 0 or Interf <= 0)
75026,1.6253399848937988,1625.3399848937988,3.6408124857681354,-42.05033138230248,0.0,Non-positive value (TS <= 0 or Interf <= 0)
75026,1.650339961051941,1650.339961051941,3.400796307943415,-42.303423126049076,0.0,Non-positive value (TS <= 0 or Interf <= 0)
75026,1.675339937210083,1675.339937210083,3.612660106513249,-41.66359180117646,0.0,Non-positive value (TS <= 0 or Interf <= 0)
75026,1.7003400325775146,1700.3400325775146,3.50445459955302,-41.42846167938121,0.0,Non-positive value (TS <= 0 or Interf <= 0)
75026,1.7253400087356567,1725.3400087356567,3.498277618562302,-42.145705659723674,0.0,Non-positive value (TS <= 0 or Interf <= 0)
75026,1.7503399848937988,1750.3399848937988,3.41326803867092,-42.083373026131106,0.0,Non-positive value (TS <= 0 or Interf <= 0)
75026,1.775339961051941,1775.339961051941,3.6187170287140913,-41.750261464942874,0.0,Non-positive value (TS <= 0 or Interf <= 0)
75026,1.800339937210083,1800.339937210083,3.4466311287380473,-41.65731490919581,0.0,Non-positive value (TS <= 0 or Interf <= 0)
75026,1.8253400325775146,1825.3400325775146,3.345568848779196,-39.92525512156958,0.0,Non-positive value (TS <= 0 or Interf <= 0)
75026,1.8503400087356567,1850.3400087356567,3.4754752829934787,-39.96725822496923,0.0,Non-positive value (TS <= 0 or Interf <= 0)
75026,1.8753399848937988,1875.3399848937988,3.890139739116361,-39.70622185000497,0.0,Non-positive value (TS <= 0 or Interf <= 0)
75026,1.900339961051941,1900.339961051941,4.326357994766501,-40.160701902713626,0.0,Non-positive value (TS <= 0 or Interf <= 0)
75026,1.925339937210083,1925.339937210083,5.015855318545282,-41.27023052122332,0.0,Non-positive value (TS <= 0 or Interf <= 0)
75026,1.9503400325775146,1950.3400325775146,5.46722559606103,-41.393453229152826,0.0,Non-positive value (TS <= 0 or Interf <= 0)
75026,1.9753400087356567,1975.3400087356567,5.6975667009194115,-43.029297832864934,0.0,Non-positive value (TS <= 0 or Interf <= 0)
75026,2.000339984893799,2000.3399848937988,6.269574494288952,-47.93513927570379,0.0,Non-positive value (TS <= 0 or Interf <= 0)
51286,0.03434000164270401,34.34000164270401,474.1753916315522,3.461220602894667,2.1367097313795727,Factor of 137.0 difference
51286,0.10034000128507614,100.34000128507614,823.4070810309926,3.461220602894667,2.3763853172817524,Factor of 237.9 difference
51286,0.11733999848365784,117.33999848365784,1083.7641513371873,3.551910081172236,2.484472818547284,Factor of 305.1 difference
51286,0.1503400057554245,150.3400057554245,789.2440127476576,3.977014041916945,2.297654171610728,Factor of 198.5 difference
51286,0.1673399955034256,167.3399955034256,1142.801691064164,4.157087658267588,2.4391816920232103,Factor of 274.9 difference
51286,0.20034000277519226,200.34000277519226,856.0791200676961,4.260122013297174,2.3030918668331375,Factor of 201.0 difference
51286,0.21733999252319336,217.33999252319336,1095.2929934150513,4.181723315799537,2.4181750152099113,Factor of 261.9 difference
51286,0.23433999717235565,234.33999717235565,938.1780956989778,4.069499242584998,2.3627443169656788,Factor of 230.5 difference
51286,0.25033998489379883,250.33998489379883,873.2420004776329,4.11438350625407,2.3268298455630565,Factor of 212.2 difference
51286,0.2843399941921234,284.3399941921234,946.5665696807309,3.858122530191573,2.389775145934219,Factor of 245.3 difference
51286,0.3173399865627289,317.3399865627289,875.618071493536,3.576391367271645,2.388869678294572,Factor of 244.8 difference
51286,0.33434000611305237,334.34000611305237,806.3894417090384,3.51983732699001,2.360022240232523,Factor of 229.1 difference
51286,0.35034000873565674,350.34000873565674,608.0371218457828,3.397826940581288,2.2527288391587454,Factor of 178.9 difference
51286,0.36733999848365784,367.33999848365784,740.3777612858694,3.294789287016818,2.351625720172243,Factor of 224.7 difference
51286,0.38433998823165894,384.33998823165894,706.8046645537199,3.2235365354904224,2.3409668101094794,Factor of 219.3 difference
51286,0.4003399908542633,400.3399908542633,569.9975098144447,3.0528017311014586,2.2711743590535978,Factor of 186.7 difference
51286,0.4173400104045868,417.3400104045868,916.9285775654891,3.3319620159333203,2.4396354665870317,Factor of 275.2 difference
51286,0.4343400001525879,434.3400001525879,605.5115876172467,3.1596179663259436,2.2824878839498894,Factor of 191.6 difference
51286,0.45034000277519226,450.34000277519226,505.4393380235117,3.021221338226151,2.2234864964007492,Factor of 167.3 difference
51286,0.46733999252319336,467.33999252319336,568.8476141658375,2.794683679899648,2.308663282140191,Factor of 203.5 difference
51286,0.48434001207351685,484.34001207351685,601.9854098465041,2.7465035201751546,2.340805805520355,Factor of 219.2 difference
51286,0.5003399848937988,500.3399848937988,485.85207141791926,2.573956720623616,2.275902818417384,Factor of 188.8 difference
51286,0.5173400044441223,517.3400044441223,531.855905325295,2.4535881249774896,2.335992324626016,Factor of 216.8 difference
51286,0.5343400239944458,534.3400239944458,509.1946223515481,2.4485992009176187,2.3179661049561275,Factor of 208.0 difference
51286,0.5503399968147278,550.3399968147278,479.55534952516246,2.3876479937341815,2.302868439994555,Factor of 200.8 difference
51286,0.5673400163650513,567.3400163650513,559.8326468722555,2.3657822258949257,2.374083456313123,Factor of 236.6 difference
51286,0.58433997631073,584.33997631073,527.5609349506626,2.269681171287769,2.3663077743790883,Factor of 232.4 difference
51286,0.6003400087356567,600.3400087356567,369.1600051605642,2.165151480444407,2.231726357098565,Factor of 170.5 difference
51286,0.6173399686813354,617.3399686813354,429.33482343417745,2.1097264187021723,2.308569974328883,Factor of 203.5 difference
51286,0.6343399882316589,634.3399882316589,440.641546584905,2.072997232776315,2.3274867205283756,Factor of 212.6 difference
51286,0.6503400206565857,650.3400206565857,326.6713292785931,2.036842651627133,2.205153539183283,Factor of 160.4 difference
51286,0.6673399806022644,667.3399806022644,481.2801578137012,2.030335082106978,2.3748302381328568,Factor of 237.0 difference
51286,0.6843400001525879,684.3400001525879,478.07505854889234,2.071597554474156,2.363190697233091,Factor of 230.8 difference
51286,0.7003399729728699,700.3399729728699,328.67968138492125,1.932791248341854,2.230587906841264,Factor of 170.1 difference
51286,0.7173399925231934,717.3399925231934,428.7022647190156,1.9363431107042215,2.3451734630892345,Factor of 221.4 difference
51286,0.7343400120735168,734.3400120735168,416.7139358384343,1.9558590022925944,2.3285004811428793,Factor of 213.1 difference
51286,0.7503399848937988,750.3399848937988,321.9629284581678,1.9529191281022469,2.217121609734369,Factor of 164.9 difference
51286,0.7673400044441223,767.3400044441223,493.6751476668851,1.9919454137208537,2.394163831685513,Factor of 247.8 difference
51286,0.7843400239944458,784.3400239944458,380.88222084243705,1.916142223371744,2.2983629598227395,Factor of 198.8 difference
51286,0.8003399968147278,800.3399968147278,406.97180541950183,1.9356710891973248,2.3227327592299836,Factor of 210.2 difference
51286,0.8173400163650513,817.3400163650513,373.49878711532176,1.8806614229480636,2.2979785796555707,Factor of 198.6 difference
51286,0.83433997631073,834.33997631073,417.4429278806173,1.92213720057103,2.3368127238201195,Factor of 217.2 difference
51286,0.8503400087356567,850.3400087356567,393.98984172363424,1.9613253343012453,2.302935386394255,Factor of 200.9 difference
51286,0.8673399686813354,867.3399686813354,448.8902552199038,1.914829186585854,2.37001013902864,Factor of 234.4 difference
51286,0.8843399882316589,884.3399882316589,353.71583656273947,1.8386096111833055,2.284164978453313,Factor of 192.4 difference
51286,0.9003400206565857,900.3400206565857,355.0619791082901,1.84163249850155,2.285101199330054,Factor of 192.8 difference
51286,0.9173399806022644,917.3399806022644,388.64108533119247,1.8357512108045762,2.3257348869599173,Factor of 211.7 difference
51286,0.9343400001525879,934.3400001525879,427.8860013603035,1.8451623706313622,2.365293489187686,Factor of 231.9 difference
51286,0.9503399729728699,950.3399729728699,299.82903107453467,1.8550619335232061,2.208515267649371,Factor of 161.6 difference
51286,0.9673399925231934,967.3399925231934,439.60778751168857,1.8889097392773135,2.3668541713612963,Factor of 232.7 difference
51286,0.9843400120735168,984.3400120735168,367.3510405917289,1.7967476850766644,2.3105941804182253,Factor of 204.5 difference
51286,1.0003399848937988,1000.3399848937988,307.44036777226984,1.785574777768693,2.2359828483257034,Factor of 172.2 difference
51286,1.0173399448394775,1017.3399448394775,379.9846179711817,1.7290000666684555,2.3419710064247132,Factor of 219.8 difference
51286,1.0343400239944458,1034.3400239944458,347.46648945174377,1.793721279321211,2.2871579661819372,Factor of 193.7 difference
51286,1.0503400564193726,1050.3400564193726,269.2564521705224,1.7790752346834207,2.1799718048601315,Factor of 151.3 difference
51286,1.0673400163650513,1067.3400163650513,327.26304597463417,1.7337610619678885,2.2759077231984417,Factor of 188.8 difference
51286,1.08433997631073,1084.33997631073,365.9030582050452,1.7535098301190242,2.3194578344548913,Factor of 208.7 difference
51286,1.1003400087356567,1100.3400087356567,296.6097595446484,1.7028154171552956,2.241017863211878,Factor of 174.2 difference
51286,1.1173399686813354,1117.3399686813354,377.48436019555396,1.751523012607633,2.333483115071313,Factor of 215.5 difference
51286,1.1343400478363037,1134.3400478363037,390.8847895692702,1.838126375822898,2.327673404219415,Factor of 212.7 difference
51286,1.150339961051941,1150.339961051941,309.8453533051555,1.7872969428312784,2.238948274993112,Factor of 173.4 difference
51286,1.1673400402069092,1167.3400402069092,393.9707577202133,1.7606541268228244,2.349789938731844,Factor of 223.8 difference
51286,1.184340000152588,1184.340000152588,316.81416003667886,1.6828659881320907,2.2747550510527152,Factor of 188.3 difference
51286,1.2003400325775146,1200.3400325775146,304.37459158405835,1.7425032789203354,2.2422347918183583,Factor of 174.7 difference
51286,1.2173399925231934,1217.3399925231934,357.6595427833667,1.736115116362957,2.313891298526134,Factor of 206.0 difference
51286,1.234339952468872,1234.339952468872,346.12941294362395,1.735627482956038,2.299781987396314,Factor of 199.4 difference
51286,1.2503399848937988,1250.3399848937988,308.3419180489254,1.755814736344331,2.244553879931085,Factor of 175.6 difference
51286,1.2673399448394775,1267.3399448394775,284.24522682338386,1.7166702532257383,2.21900629887459,Factor of 165.6 difference
51286,1.2843400239944458,1284.3400239944458,298.13262181056103,1.6798058273696646,2.249150415811368,Factor of 177.5 difference
51286,1.300339937210083,1300.339937210083,278.90182395293465,1.6791147843116072,2.220370968929962,Factor of 166.1 difference
51286,1.3173400163650513,1317.3400163650513,305.68888972968796,1.7097538852823762,2.2523460552626293,Factor of 178.8 difference
51286,1.33433997631073,1334.33997631073,292.14413946527804,1.7092376645731353,2.232794724287064,Factor of 170.9 difference
51286,1.3503400087356567,1350.3400087356567,288.59944614117484,1.701289624869431,2.2295172397763934,Factor of 169.6 difference
51286,1.3673399686813354,1367.3399686813354,318.0176145153115,1.6897767485661512,2.274621845668562,Factor of 188.2 difference
51286,1.3843400478363037,1384.3400478363037,292.4628590815146,1.6583450096629186,2.246395833069628,Factor of 176.4 difference
51286,1.400339961051941,1400.339961051941,323.14523595034325,1.7071141777664114,2.2771351883906568,Factor of 189.3 difference
51286,1.4173400402069092,1417.3400402069092,364.1102455621332,1.6808921448579073,2.335693051908217,Factor of 216.6 difference
51286,1.434340000152588,1434.340000152588,337.53481353134487,1.7377237018743932,2.288337848090514,Factor of 194.2 difference
51286,1.4503400325775146,1450.3400325775146,321.9385949464312,1.760737909608861,2.262078329386152,Factor of 182.8 difference
51286,1.4673399925231934,1467.3399925231934,420.1740718357061,1.7507705068495831,2.380200027428508,Factor of 240.0 difference
51286,1.484339952468872,1484.339952468872,340.1494858163536,1.7159032339142017,2.2971770260578093,Factor of 198.2 difference
51286,1.5003399848937988,1500.3399848937988,289.3274248734415,1.6931374058564486,2.2326973971370467,Factor of 170.9 difference
51286,1.5173399448394775,1517.3399448394775,357.45409419786563,1.665482269492301,2.331680262131591,Factor of 214.6 difference
51286,1.5343400239944458,1534.3400239944458,359.6455317027953,1.722227294943681,2.3197842009996035,Factor of 208.8 difference
51286,1.550339937210083,1550.339937210083,318.8039840526651,1.7418954688925008,2.2625016506290367,Factor of 183.0 difference
51286,1.5673400163650513,1567.3400163650513,327.715390335957,1.755969547581522,2.270979857415584,Factor of 186.6 difference
51286,1.58433997631073,1584.33997631073,355.01401577225863,1.692524098270475,2.3217106382033093,Factor of 209.8 difference
51286,1.6003400087356567,1600.3400087356567,269.94510019839225,1.682906889964644,2.2052153604849827,Factor of 160.4 difference
51286,1.6173399686813354,1617.3399686813354,339.8340843520018,1.6624765345554497,2.3105114111082794,Factor of 204.4 difference
51286,1.6343400478363037,1634.3400478363037,383.7447155213199,1.7800467631577235,2.3336109962369913,Factor of 215.6 difference
51286,1.650339961051941,1650.339961051941,335.2939774201519,1.730543231238039,2.287243299652255,Factor of 193.8 difference
51286,1.6673400402069092,1667.3400402069092,357.9805790680542,1.7114204150565961,2.320502757956414,Factor of 209.2 difference
51286,1.684340000152588,1684.340000152588,344.3492807484128,1.6917537804240552,2.30866202456073,Factor of 203.5 difference
51286,1.7003400325775146,1700.3400325775146,344.41000193776364,1.6996604784905551,2.306713579160632,Factor of 202.6 difference
51286,1.7173399925231934,1717.3399925231934,364.64016442703746,1.7205490003950437,2.3261974580448057,Factor of 211.9 difference
51286,1.734339952468872,1734.339952468872,397.61858897589053,1.7634313832434236,2.353108114272355,Factor of 225.5 difference
51286,1.7503399848937988,1750.3399848937988,265.1361283687884,1.699325897102223,2.1931922342884063,Factor of 156.0 difference
51286,1.7673399448394775,1767.3399448394775,408.2850832183407,1.7241517701457774,2.374388020804434,Factor of 236.8 difference
51286,1.7843400239944458,1784.3400239944458,400.3950299986666,1.708531778108103,2.369865617115077,Factor of 234.4 difference
51286,1.800339937210083,1800.339937210083,359.33510702472995,1.7320321898843734,2.3169436906941367,Factor of 207.5 difference
51286,1.8173400163650513,1817.3400163650513,374.11371142319274,1.6924082097449076,2.344498502169141,Factor of 221.1 difference
51286,1.83433997631073,1834.33997631073,393.1826767349983,1.7581891317045133,2.3495287838453454,Factor of 223.6 difference
51286,1.8503400087356567,1850.3400087356567,328.1563631082208,1.7657124300664078,2.2691608555277156,Factor of 185.8 difference
51286,1.8673399686813354,1867.3399686813354,390.3762096776275,1.6763406065235658,2.3671210778175436,Factor of 232.9 difference
51286,1.8843400478363037,1884.3400478363037,362.53969963458076,1.6865155970781676,2.3323652086525843,Factor of 215.0 difference
51286,1.900339961051941,1900.339961051941,328.47152360276925,1.6687696993081884,2.294101319500946,Factor of 196.8 difference
51286,1.9173400402069092,1917.3400402069092,397.3483870719971,1.6910878062311112,2.3710052964313513,Factor of 235.0 difference
51286,1.934340000152588,1934.340000152588,348.1553572359965,1.71586002310723,2.3072912262985734,Factor of 202.9 difference
51286,1.9503400325775146,1950.3400325775146,331.0859265183276,1.6968241782955442,2.290303876694774,Factor of 195.1 difference
51286,1.9673399925231934,1967.3399925231934,413.29826514354824,1.7100553713707123,2.383253409276866,Factor of 241.7 difference
51286,1.984339952468872,1984.339952468872,347.52006821356065,1.8546920578116224,2.272708076590297,Factor of 187.4 difference
51286,2.000339984893799,2000.3399848937988,354.08213652064444,2.0718456042973825,2.2327466288269426,Factor of 170.9 difference
51286,2.0173399448394775,2017.3399448394775,421.22156055797177,1.876300759832304,2.351208138347288,Factor of 224.5 difference
51286,2.0673398971557617,2067.3398971557617,437.4462707967833,1.7969582415533834,2.3863867336338123,Factor of 243.4 difference
